3,补偿文件已加载，GEC模块将在设备返回参考点后开始工作,提示,补偿生效提示消息。,各轴进行返参操作
5,CNC进入警告状态停止,提示,系统进入警告状态提示消息。,查看消息栏该消息附近的其它消息，找出报警的原因。
9,清理逻辑轴%随动误差,提示,清理逻辑轴随动误差提示消息。,不需要处理。
10,系统紧急停止,提示,系统进入急停状态提示消息。,查看消息栏该消息附近的其它消息，找出报警的原因。
7114,逻辑轴%:上使能获取状态超时,警告,,GNC无法指令该逻辑轴伺服上使能，请检查伺服驱动器
7115,逻辑轴%:下使能获取状态超时,警告,,GNC无法指令该逻辑轴伺服下使能，请检查伺服驱动器
19,PLC指令逻辑轴%上使能,提示,参数ShowDegMsg=1时输出的内部消息，为方便系统调试；,不需要处理。
20,PLC指令逻辑轴%下使能,提示,参数ShowDegMsg=1时输出的内部消息，为方便系统调试；,不需要处理。
21,命令逻辑轴%上使能,提示,参数ShowDegMsg=1时输出的内部消息，为方便系统调试；,不需要处理。
22,命令逻辑轴%下使能,提示,参数ShowDegMsg=1时输出的内部消息，为方便系统调试；,不需要处理。
23,启动主轴%角度为%的准停动作,提示,参数ShowDegMsg=1时输出的内部消息，为方便系统调试；,不需要处理。
25,非手动模式下不允许启动手动倍率,提示,,切换至手动模式再试
29,手脉轴选%未上使能,提示,,对应轴上使能后再试
30,接收到来自PLC的逻辑轴%附加指令%,提示,参数ShowDegMsg=1时输出的内部消息，为方便系统调试；,不需要处理。
31,未返参不允许切换模式,提示,,返参操作后再试
32,正在返参不允许切换模式,提示,,等待返参操作结束后再试
39,返参正在进行禁止操作,提示,,等待返参操作结束后再试
41,程序启动时倍率为0,提示,,倍率开关切换至非零刻度
51,G211逻辑轴模式切换至主轴模式完成,提示,逻辑轴切换至主轴模式完成消息,不需要处理。
56,NC 完成恢复主轴% 的使能，启动主轴旋转工作,提示,系统内部处理提示性消息,不需要处理。
59,系统紧急停止，指令来自PLC,提示,PLC指令系统进入急停状态提示消息,不需要处理。
71,模式-手动,提示,系统一些报警消息内容构成字段,不需要处理。
72,模式-自动,提示,系统一些报警消息内容构成字段,不需要处理。
73,模式-MDI,提示,系统一些报警消息内容构成字段,不需要处理。
74,状态-准备好,提示,系统一些报警消息内容构成字段,不需要处理。
75,状态-程序运行,提示,系统一些报警消息内容构成字段,不需要处理。
76,状态-紧急停止,提示,系统一些报警消息内容构成字段,不需要处理。
77,状态-警告,提示,系统一些报警消息内容构成字段,不需要处理。
78,状态-暂停,提示,系统一些报警消息内容构成字段,不需要处理。
79,复位-正在进行,提示,系统一些报警消息内容构成字段,不需要处理。
80,复位-非在进行,提示,系统一些报警消息内容构成字段,不需要处理。
81,自动程序-正在执行,提示,系统一些报警消息内容构成字段,不需要处理。
82,自动程序-非执行,提示,系统一些报警消息内容构成字段,不需要处理。
83,请求-紧急停止-不允许执行,提示,系统一些报警消息内容构成字段,不需要处理。
84,请求-启动自动程序-不允许执行,提示,系统一些报警消息内容构成字段,不需要处理。
85,请求-添加手动任务-不允许执行,提示,系统一些报警消息内容构成字段,不需要处理。
86,请求-逻辑轴上使能-不允许执行,提示,系统一些报警消息内容构成字段,不需要处理。
87,请求-逻辑轴下使能-不允许执行,提示,系统一些报警消息内容构成字段,不需要处理。
88,请求-主轴闭环-不允许执行,提示,系统一些报警消息内容构成字段,不需要处理。
89,请求-主轴开环-不允许执行,提示,系统一些报警消息内容构成字段,不需要处理。
90,请求-主轴上使能-不允许执行,提示,系统一些报警消息内容构成字段,不需要处理。
91,请求-主轴下使能-不允许执行,提示,系统一些报警消息内容构成字段,不需要处理。
92,请求-主轴准停-不允许执行,提示,系统一些报警消息内容构成字段,不需要处理。
93,请求-设置自动程序名-不允许执行,提示,系统一些报警消息内容构成字段,不需要处理。
94,请求-切换测试模式-不允许执行,提示,系统一些报警消息内容构成字段,不需要处理。
95,机器人初始化坐标失败，请移动A5 轴后再重新启动,提示,,手动操作移动A5轴后再重新启动系统
101,倍率为0，返参无法进行,提示,,倍率开关切换至非零刻度
107,NC启动主轴，恢复主轴% 的使能,提示,系统内部处理提示性消息,不需要处理。
111,刚性攻丝进行的时候忽略启动主轴指令M,提示,系统内部处理提示性消息,不需要处理。
112,主轴准停进行的时候忽略启动主轴指令M,提示,系统内部处理提示性消息,不需要处理。
131,PLC锁定NC执行自动程序功能,提示,,检查操作时序逻辑
132,PLC已将NC锁定，不允许启动,提示,,检查操作时序逻辑
133,PLC已将NC锁定,提示,系统内部处理提示性消息,不需要处理。
135,该操作被锁定，请先矢量退刀,提示,矢量退刀操作生效后，其它操作被锁定。,先进行矢量退刀操作后，再继续。
136,手动干预后，没有启动断点返回，无法继续,提示,手动模式干预操作后，必须启动断点返回操作。,自动模式->下一级->按下“断点返回”键后返回自动模式，按“启动”键。
139,操作指定的%号逻辑轴不存在,提示,逻辑轴不存在,检查逻辑轴号
140,操作指定的%号主轴不存在,提示,主轴不存在,检查主轴号
146,程序运行方式为：测试运行，该方式下不允许切换模式,提示,,自动模式->“运行方式”->“测试运行”键取消程序测试运行方式
3300,G211：刀补未取消,警告,,先使用G40取消刀补后再试
147,保存系统参数文件失败,提示,,系统运行致命错误，请联系相关技术人员。
148,hmi设置坐标系失败,提示,程序正在执行设置，不允许通过hmi 修改坐标系设置。,等待程序执行完成后再试。
154,程序正在执行，不允许通过hmi修改坐标系,提示,程序正在执行设置，不允许通过hmi 修改坐标系设置。,等待程序执行完成后再试。
157,"主轴%:所绑定物理轴电机最大速度设置异常,请检查",提示,电机的最大速度设置了异常过大的数值。,根据系统配置的电机参数重新设置该值。
164,G00或G01倍率为0，该手动操作被忽略,提示,G00或G01倍率为0时，手动任务无法执行。,G00或G01倍率为0时，手动任务无法执行。
165,PLC已锁定CNC，该手动操作被忽略,提示,PLC已锁定CNC时，手动任务无法执行。,请检查plc程序
168,程序段选择模式-不允许执行程序,提示,由于该模式下的限制条件，请查看附近相关消息。,由于该模式下的限制条件，请查看附近相关消息。
169,手动模式-不允许执行程序,提示,只有自动模式下才能执行自动程序操作。,只有自动模式下才能执行自动程序操作。
202,刀具管理PLC接口完成超时，接口ID 为%,提示,release版本与PLC库版本不匹配,更新release或者PLC库
203,刀具管理PLC接口ID错误，接口ID 为%,提示,release版本与PLC库版本不匹配,更新release或者PLC库
601,定位(*)Y起:* 终:* 路径:*,提示,提示信息,定位段信息提示
602,请确认定位过程安全，然后再启动执行！,提示,提示信息,安全确认提示
1001,逻辑轴%:与初始化时的参考点不同，请重新返参!,提示,原点开关异常，或者改变返参参数，或者返参距离,与初始化时的参考点不同，请重新返参!或者重新返参初始化。
1005,DEBUG_STEP%,提示,用于系统内部调试消息,无需处理
1012,逻辑轴%:原点信号一直为TRUE，请检查。,提示,原点开关异常,请检查原点开关，或移动一段距离后再试。
2027,物理轴%:最大随动误差设置超限，超差报警失效,提示,设置跟随误差范围不合理。,重新设置跟随误差。
3001,同步坐标失败，当前速度不为0,警告,在当前笛卡尔轴速度不为0的时候，结束同步M代码的执行。,检查PLC程序的执行时序，结束带有同步功能的M代码执行时，需检查各轴的运行速度，如不为0，则等待其为0后再结束执行。
3002,补偿文件加载失败,警告,,1.twincav.ini文件配置的补偿文件不存在；2.补偿文件格式不正确请检查；3.在本消息前后附近有更加具体加载失败的原因消息；
3003,同步坐标失败，存在模态变换未取消,警告,目前版本系统，如模态变换未取消，执行具有同步坐标功能的代码，提示该报警。,先取消旋转、镜像、缩放，后再执行同步坐标功能的代码。
3004,两次取Z脉冲编码器锁存值之差为%,提示,主轴准停初始化时两次Z脉冲异常。,检查主轴的编码器反馈是否正常；
3006,PLC指令的逻辑轴误差补偿值异常(mm),警告,,"PLC指令的逻辑轴误差补偿值超过1mm,请检查PLC程序；"
3007,主轴不存在,警告,,检查指令主轴的编号；
3008,"逻辑轴:%超软限位,机床坐标为:%",警告,逻辑轴超软限位,检查指定目标位置是否合理和软限位设置是否合理。
3009,获取名为：%的逻辑轴ID失败,警告,不存在指定名称的逻辑轴,请检查指令的逻辑轴名称。
3017,PLC指令的逻辑轴误差补偿inc值异常(mm),警告,,PLC指令的逻辑轴误差补偿inc值大于50um，请检查PLC程序；
3018,主轴% 暂停后恢复工作时接收到下使能操作,警告,,检查PLC主轴下使能操作代码；
3024,返参模式下接收到来自PLC的手动指令，该指令已被忽略,警告,,检查PLC主轴下使能操作代码；
3026,五轴监控-刀心点偏移出容差空间,警告,,通过矢量退刀功能，将刀具从工件中退出至安全位置并复位；
3034,主轴准停出错,警告,,主轴准停指令的角度和读取的当前主轴角度偏差过大；
3045,逻辑轴预定义坐标不单调，请检查,警告,,检查逻辑轴参数组PrePos内设置的值是否与Pos序号一样单调；
3049,铣削车削件-刀具进入禁止区域,警告,,修改NC程序使路径绕开该禁止区域；
3050,未进行回参考点操作，手动操作被禁止，激活手动释放可解除限制,警告,,1.进行返参操作；2.激活手动模式“手动释放”状态；
3057,S代码指定的速度大于主轴设置的最大速度(rpm),警告,,修改S指令值。
3058,操作所指定的轴号超范围,警告,,允许的轴号范围是1->16，否则报告该错误信息；
3060,刀补失败,警告,刀补出错,须使用nc程序和cnccfg文件夹查找原因
3061,刀补：轨迹类型错误,警告,刀补出错,须使用nc程序和cnccfg文件夹查找原因
3062,刀补：轨迹夹角计算出错（L-L）,警告,计算出错,须使用nc程序和cnccfg文件夹查找原因
3063,主轴准停动作未完成，M19结束同步,警告,,检查PLC程序M19的处理时序。
3064,刀补：刀具干涉,警告,过切,刀具半径过大
3065,刀补：不允许圆弧退刀,警告,暂不支持,检查NC程序退刀段
3066,刀补：不允许圆弧进刀,警告,暂不支持,检查NC程序进刀段
3067,刀补未取消，不可测量,警告,,使用G40指令取消刀补后再试测量；
3096,未指定主轴速度而启动主轴,警告,,编写S代码指令主轴旋转速度；
3098,伺服报警,提示,伺服报警,退到保护用，报警信息详见各个伺服轴报警
3102,激活逻辑轴% 第% 软限位失败,警告,,该软限位未设置有效的边界值，请检查；
3105,圆锥插补-运行时间设定小于加减速时间,警告,,手动停止机床运行，请联系相关技术人员
3106,主轴% 准停时主轴下使能操作,警告,,检查PLC主轴下使能操作代码；
3108,插补输出出错,警告,插补输出出错,须使用nc程序和cnccfg文件夹查找原因
3109,G642样条插补输出出错,警告,内部计算出错，样条和微段的位置经过检测发现不重合的现象,手动停止机床运行，请联系相关技术人员
3119,刀补：程序结束前没有取消刀补或没有退刀段,警告,无退刀段,检查NC程序
3129,机器人轴%超软限位，超限位的坐标为%,警告,,手动模式操作该机器人轴，使其位置远离软限位位置；
3134,"逻辑轴%增量指令尚未完成又接收到该轴指令,附加信息%",警告,,在当前逻辑轴inc指令未完成的情况，又接收到来自PLC的对该逻辑轴的inc指令，请检查PLC程序；
3141,手动服务器指令操作的逻辑轴%未上使能,警告,,检查该逻辑轴使能状态，并通过PLC接口给该逻辑轴上使能；
3142,手动服务器指令操作的主轴%未上使能,警告,,检查该主轴使能状态，并通过PLC接口给该主轴上使能；
3149,断点返回后误差过大,警告,,系统运行致命错误，请联系相关技术人员。
3150,未启动测量模式，测头被触发,警告,测量模式已开启，未在G31/G31.1/G32.2运行期间测头被触发。,检查测头信号的可靠性，是否存在误触发的情况。
3155,自动模式下接收到来自PLC非法的手动指令,警告,,非PLC轴，在自动模式下不允许通过PLC接口对其进行操作，请检查PLC程序；
3159,逻辑轴%:平行或同心轴设置值非法,警告,,"平行或同心轴设置值范围是[1,6]"
3160,主轴%堵转报警,警告,主轴发生堵转,立刻停机处理
3165,"逻辑轴反馈坐标:%超软限位,机床反馈坐标为:%",警告,,检查机床的当前位置是否确实超软限位，如未超软限位，请检查编码器反馈是否正常。
3166,非测量模式下测头触发,警告,,通过PLC接口或G310指令打开测量模式；
3167,启动主轴：% 失败，该轴工作在逻辑轴模式,警告,,使用G211指令将该轴切换至主轴模式。
3176,刀补：圆弧处理失败,警告,刀补出错,须使用nc程序和cnccfg文件夹查找原因
3177,刀补：圆弧弧长过短，无法进行刀,警告,圆弧弧长过短,检查NC程序
3178,插补跨段超时，超时行号为%,警告,速度规划计算速度跟不上插补输出速度,须使用nc程序和cnccfg文件夹查找原因
3179,回退距离设置值非法，回退切换失,警告,参数非法 <= 0,检查回退距离参数（大于0）
3181,逻辑轴% 第% 软限位设置错误，请检查,警告,,检查软限位区间断点设置是否合理。
3185,机器人轴%计算后超软限位，超限位的坐标为%,警告,,手动模式操作该机器人轴，使其位置远离软限位位置；
3201,重新计算圆心错误,警告,,检查编程圆弧的圆心坐标精度；
3202,预处理圆弧计算出错-起点终点的距离大于直径,警告,,检查编程圆弧的终点坐标；
3203,编程格式错误-未定义圆心,警告,,检查NC程序圆弧编程格式；
3204,预处理圆弧计算出错-起点终点与圆心的距离不同,警告,,检查编程圆弧的终点坐标；
3205,预处理圆弧计算出错-起点终点距离过短,警告,,圆弧指令通过R指定半径时，起点终点距离不能过短，否则导致圆心无法计算。
3206,预处理圆弧检查错误,警告,,检查NC程序圆弧编程格式；
3207,G02.1/G03.1 未定义张角R,警告,,检查NC程序圆弧编程格式；
3208,G02.7或G03.7 NC编程格式出错,警告,,检查NC程序圆弧编程格式；
3209,G02或G03弧长计算出错,警告,,检查编程圆弧的圆心坐标精度；
3210,G02.9无前导矢量,警告,,检查编程圆弧的圆心坐标精度；
3211,G02.9计算相切圆弧失败,警告,,无法进行相切处理，请检查NC程序；
3212,预处理圆弧计算出错-获取平行轴参数出错,警告,,"检查逻辑轴参数ParallelAxis设置的值范围[1,6]"
3213,螺旋线圆弧螺纹导程太小,警告,,给定导程小于0.000001um
3214,螺旋线圆弧未定义导程,警告,,螺旋线圆弧编程缺少导程指令
3215,螺旋线圆弧圆心增量向量长度太小,警告,,螺旋线圆弧圆心增量向量长度小于0.000001um
3216,螺旋线圆弧-定义的平面圆弧终点与螺旋向进给距离不匹配,警告,,根据螺旋进给矢量长度推算出的终点坐标与给定的终点坐标误差较大
3217,G02/G03 格式出错-指令包含非当前平面轴指令,警告,,G02/G03 指令包含非当前平面轴指令，例如G17时编写了Z指令
3218,预处理圆弧计算出错-重新计算圆心偏差过大,警告,,检查编程圆弧的圆心、终点坐标精度；
3219,设置圆弧轴的轴号不合法,警告,,"设置非标准平面圆弧轴号范围是[1,16]"
3220,刀补模块输出圆弧检查错误,警告,,系统正常运行时，不应出现该报警，请联系相关系统开发人员；
3221,预处理设置坐标系偏置失败,警告,,系统正常运行时，不应出现该报警，请联系相关系统开发人员；
3222,未指定F指令或指定的F指令为0,警告,,请检查NC程序F指令
3223,指定的S指令不能为负值,警告,,请检查NC程序S指令
3224,T代码，刀具号不能为负号,警告,,请检查NC程序T指令
3225,未使用M02或M30结束程序运行,警告,,在NC程序结尾处加入M02或M03指令
3226,获取逻辑轴id失败,警告,,请检查NC程序给定的逻辑轴名称是否正确
3227,一个逻辑轴重复指定,警告,,一段NC程序，一个逻辑轴只能被指定一遍，请检查NC程序；
3228,预处理-发现逻辑轴%超软限位,警告,,NC程序指令的逻辑轴目标坐标，超过软限位允许范围，请检查；
3229,G40刀补撤销后只能接直线指令！,警告,,G40刀补取消后，请使用一段G01直线插补来作为刀补撤销段
3230,退刀段不能倒角,警告,,取消刀补的退刀段不能自动倒角
3231,预处理机器人算法出错,警告,,系统正常运行时，不应出现该报警，请联系相关系统开发人员；
3232,机器人3D圆弧-三点共线,警告,,请检查NC程序3D圆弧指令
3233,机器人3D圆弧-输入两个点而非三个点,警告,,请检查NC程序3D圆弧指令
3234,3D圆弧只在机器人中使用,警告,,非机器人类型设备，暂不支持3D圆弧指令
3235,程序指定了一个不存在的机器人坐标点,警告,,机器人试教操作时未定义该点，请检查
3236,GMDL 输出坐标位置不连续,警告,,内部检查发现GMDL 输出坐标位置不连续，系统正常运行时，不应出现该报警，请联系相关系统开发人员；
3237,GMDLIDX,警告,,GMDL处理模块返回错误，系统正常运行时，不应出现该报警，请联系相关系统开发人
3238,两段衔接轨迹起点终点不同!,警告,,设置机床参数最小合并周期数UniteLineMinCycle=0
3239,G402 指定的逻辑轴不存在,警告,,请检查G402给定的逻辑轴名称
3240,圆柱面刀补计算出错,警告,,系统正常运行时，不应出现该报警，请联系相关系统开发人员；
3241,柱面刀补输入有误,警告,,请检查柱面刀补输入是否正确
3242,GETSERPAR 找不到物理轴,警告,,请检查GETSERPAR函数给定的物理轴名称
3243,SETSERPAR 找不到物理轴,警告,,请检查SETSERPAR函数给定的物理轴名称
3244,NC程序格式出错,警告,,"NC程序格式出错,请检查对应的NC程序段"
3245,渐开线指令中包含非当前平面的轴指令,警告,,渐开线指令中包含非当前平面的轴指令，例如当前G17平面是指定了Z轴指令
3246,INVC 输出坐标位置不连续,警告,,系统正常运行时，不应出现该报警，请联系相关系统开发人员；
3247,INVC 终点在基圆圆内,警告,,请检查NC程序渐开线指令INVC
3248,INVC 基圆半径小于等于0,警告,,请检查NC程序渐开线指令INVC
3249,INVC 旋转角过大，使终点在基圆圆内,警告,,请检查NC程序渐开线指令INVC
3250,INVC 起点在基圆圆内,警告,,请检查NC程序渐开线指令INVC
3251,INVC 不是渐开线轨迹，是圆弧,警告,,请检查NC程序渐开线指令INVC
3252,INVC 请指定渐开线所在平面,警告,,请检查NC程序渐开线指令INVC
3253,INVC 渐开线模块发生错误,警告,,请检查NC程序渐开线指令INVC
3254,Nurbs插补对象未创建,警告,,NC程序加入G6.2指令启动NURBS样条插补
3255,未发现双约束Nurbs样条的启动代码,警告,,NC程序加入G6.2指令启动NURBS样条插补
3256,双约束C样条的启动代码重复,警告,,检查NC程序去掉多余的G6.31指令
3257,未发现双约束C样条的启动代码,警告,,NC程序加入G6.31指令启动双约束C样条插补
3258,存在 (旋转/镜像/缩放) 未取消，G28不允许执行,警告,,加入取消旋转/镜像/缩放的指令后再试
3259,极坐标编程 未取消 G28不允许执行,警告,,加入取消极坐标的指令后再试
3260,测量模式未启动,警告,,加入G310指令启动测量模式
3261,G31\\G31.1\\G31.2 指令获取加速距离失败,警告,,系统正常运行时，不应出现该报警，请联系相关系统开发人员；
3262,G31.3\\G31.4 指令输出测量距离小于当前速度下的最小测量半径,警告,,修改NC程序，增加G31.3\\G31.4起点和终点的增量距离
3263,COTS 参数2输入#变量索引超限,警告,,索引值允许的范围是[1-999]
3264,COTS 参数1输出#变量索引超限,警告,,索引值允许的范围是[1-999]
3265,COTS 输入输出数据区重叠,警告,,"COTS 输入输出数据区重叠,会导致数据覆盖问题"
3266,COTS 参数3输入错误,警告,,取值只能是1或3，其他值非法
3267,圆弧连接轨迹优化有效时不能启动：刀具半径补偿,警告,,先使用G40取消刀补后再试
3268,G68指令已失效，请仔细阅读编程手册后使用新的指令编程,警告,,请使用G68.5代替原G68指令
3269,G84前未指定S指令,警告,,G84前指定S指令，用来指定主轴的旋转速度
3270,G84前未指定M03或M04,警告,,G84前指定M03或M04，用来指定主轴的旋转方向
3271,刚性攻丝螺纹导程过大或设置错误，请检查G84中的F,警告,,F指定的导程大于螺旋向进给总增量
3272,刚性攻丝每次进给长度过短或设置错误，请检查G84中的L,警告,,L指令值需大于0.01mm
3273,G85前未指定S指令,警告,,G85前指定S指令，用来指定主轴的旋转速度
3274,G85前未指定M03或M04,警告,,G85前指定M03或M04，用来指定主轴的旋转方向
3275,G95 指定的主轴不存在,警告,,检查G95指令指定的主轴编号
3276,G96 指定的主轴不存在,警告,,检查G96指令指定的主轴编号
3277,未找到G96.1指令所指定的逻辑轴,警告,,检查G96.1指令指定的逻辑轴名称
3278,没有取消刀补或没有退刀段,警告,,G40刀补取消后，请使用一段G01直线插补来作为刀补撤销段
3279,存在 (旋转/镜像/缩放) 未取消，G53定位不允许执行,警告,,加入取消旋转/镜像/缩放的指令后再试
3280,极坐标编程 未取消 G53不允许执行,警告,,加入取消极坐标的指令后再试
3281,预处理激活坐标系失败,警告,,系统正常运行时，不应出现该报警，请联系相关系统开发人员；
3282,ERROR-RTCP NO STARTUP,警告,,G171之前需要使用G203启动RTCP变换
3283,五轴刀长未定义,警告,,进入“刀具系统”管理页，加入刀长相关数
3284,(旋转/镜像/缩放) 未取消 禁止工作平面切换,警告,,加入取消旋转/镜像/缩放的指令后再试
3285,极坐标编程 未取消 禁止工作平面切换,警告,,加入取消极坐标的指令后再试
3286,刀补未取消 禁止工作平面切换,警告,,先使用G40取消刀补后再试
3287,X轴向半径为0，无法进行ARC圆柱面插补,警告,,X轴程序坐标为0，无法进行圆柱面插补，指令X轴移动到非0坐标位置
3288,向刀补模块添加对象失败,警告,,系统正常运行时，不应出现该报警，请联系相关系统开发人员；
3289,铣削车削件-直线-经过禁止区域,警告,,修改NC程序使路径绕开该禁止区域；
3290,启动每转进给前未指定S指令,警告,,启动每转进给前编写指定S指令，给出主轴的旋转速度
3291,启动每转进给F值导致超过机床最大速度,警告,,减小F指令后再试
3292,启动每齿进给前未指定S指令,警告,,启动每齿进给前编写指定S指令，给出主轴的旋转速度
3293,启动每齿进给F值导致超过机床最大速度,警告,,减小F指令后再试
3294,预处理-极坐标增量编程计算错误,警告,,系统正常运行时，不应出现该报警，请联系相关系统开发人员；
3295,RTCP已启动，刀具已被锁定,警告,,换刀指令前使用G204指令取消RTCP变换
3296,刀补未取消，刀具已被锁定，不允许执行刀具M代码,警告,,执行刀具M代码前使用G204指令取消RTCP变换
3297,子程序中不允许使用M02或M30,警告,,子程序中只允许使用RET指令返回调用程序
3298,未找到G210指令所指定的主轴,警告,,检查G210指令所指定的主轴编号
3299,未找到G210指令所指定主轴对应的逻辑轴,警告,,检查车铣复合逻辑轴的CorreSpindle参数设置
3301,未找到G209/G211指令所指定的逻辑轴,警告,,检查G209/G211指令所指定的逻辑轴名称
3302,"未找到G209/G211指令所指定逻辑轴对应的主轴,或者本逻辑轴为直线轴",警告,,检查车铣复合逻辑轴的CorreSpindle参数设置
3303,未找到G220.1 指令所指定的逻辑轴,警告,,检查G220.1指令所指定的逻辑轴名称
3304,G220.1 指令的逻辑轴不能转换为直径编程轴,警告,,旋转轴不能转换为直径编程轴
3305,未找到G220.2 指令所指定的逻辑轴,警告,,检查G220.2指令所指定的逻辑轴名称
3306,G220.2 指令的逻辑轴不能添加为直径编程轴,警告,,旋转轴不能转换为直径编程轴
3307,未找到G220.4 指令所指定的逻辑轴,警告,,检查G220.4指令所指定的逻辑轴名称
3308,G220.4 删除所指定的逻辑轴失败，该轴为当前唯一直径编程轴,警告,,直径编程生效时，需要至少保留一个直径编程轴
3309,GetToolInfoFail,警告,,获取刀具信息失败，系统正常运行时，不应出现该报警，请联系相关系统开发人员；
3310,NC Prog 使用#变量索引号越界,警告,,"#变量的取值范围是[1,177]"
3311,当前刀具号为0，无法修改刀具参数,警告,,把需要使用的主轴换到当前主轴上
3312,要设置的刀具参数未定义,警告,,检查STI指令参数
3313,设置刀具参数失败,警告,,检查STI指令参数
3314,要设置的刀具参数未定义,警告,,检查GTI指令参数
3315,设置刀具参数失败,警告,,检查GTI指令参数
3316,刀具半径补偿有效时不能启动：圆弧连接轨迹优化,警告,,先使用G40取消刀补后再试
3317,G400 指定的逻辑轴不存在,警告,,检查G400 指定的逻辑轴名称
3318,G400 指定的软限位索引超限,警告,,"G400 指定的软限位索引范围[1,5]"
3319,G400 软限位区间长度为0,警告,,G400 软限位区间长度必须大于0
3320,G401 指定的逻辑轴不存在,警告,,检查G401 指定的逻辑轴名称
3321,G401 指定的软限位索引超限,警告,,"G401 指定的软限位索引范围[1,5]"
3322,G401 软限位区间长度为0,警告,,G401 软限位区间长度必须大于0
3323,NC Prog 使用#变量索引号越界,警告,,"#变量的取值范围是[1,177]"
3324,未找到CLAFE指令所指定的逻辑轴,警告,,检查CLAFE指令所指定的逻辑轴名称
3325,未找到COUPDEF指令所指定的跟随主轴,警告,,检查COUPDEF指令所指定的跟随主轴编号
3326,未找到COUPDEF指令所指定的引导主轴,警告,,检查COUPDEF指令所指定的引导主轴编号
3327,COUPDEF指令所指定的跟随主轴已被占用,警告,,需要先解除占用
3328,COUPDEF指令所指定的引导主轴已被占用,警告,,需要先解除占用
3329,未找到COUPDEL指令所指定的跟随主轴,警告,,检查COUPDEL指令所指定的跟随主轴编号
3330,未找到COUPDEL指令所指定的引导主轴,警告,,检查COUPDEL指令所指定的引导主轴编号
3331,COUPDEL指令所指定的同步主轴对不匹配,警告,,COUPDEL指令所指定的主轴未构成引导跟随对
3332,不允许通过程序来操作未返参的逻辑轴,警告,,该逻辑轴执行返参操作后再试
3333,工件坐标系旋转标记生效，旋转轴指令被锁定,警告,,如确实需要操作旋转轴，需先使用G227解除旋转生效标志，否则重新编辑NC程序；
3334,旋转轴程序指令范围超限，请检查,警告,,根据逻辑轴旋转轴类型参数RoundType检查该指令范围
3335,NC程序指定了一个异常数据,警告,,请检查NC程序给定的数据
3336,NC程序指定了一个工作在主轴模式的逻辑轴指令,警告,,请使用G210指令将其切换至逻辑轴工作模式
3337,逻辑轴的平行或同心轴设置值非法,警告,,"检查逻辑轴参数ParallelAxis设置的值范围[1,6]"
3338,一个程序段指定了超过一个的相互平行或同心的轴,警告,,一个程序段逻辑轴参数ParallelAxis设置值相同的轴只能指定一个
3339,循环计算模块缓冲区溢出,警告,,系统正常运行时，不应出现该报警，请联系相关系统开发人员；
3340,循环程序定义轮廓不单调,警告,,检查轮廓定义程序段路径是否单调
3341,X轴向半径为0，无法进行圆柱面插补,警告,,X轴程序坐标为0，无法进行圆柱面插补，指令X轴移动到非0坐标位置
3342,直线轴不可修改参考半径！,警告,,G501指令要修改直线轴的参考半径，请检查
3343,加载到不存在的逻辑轴：%补偿项目,警告,,检查补偿文件中$AN_GEC_INPUT_AXIS[n]或 $AN_GEC_OUTPUT_AXIS[n]给定了不存在的逻辑轴名称
3401,圆弧半径小于刀具半径,警告,过切,刀具半径过大
3402,刀具干涉,警告,过切,刀具半径过大
3403,"刀具干涉,此时最大允许刀具半径为(mm):%",警告,过切,刀具半径过大
3404,轮廓位移行程短于刀具半径,警告,欠切,刀具半径过大，欠切，通过机床参数UndercutCheck = 0可屏蔽该报警
3405,刀补轨迹段有旋转轴运动,警告,刀补段不允许旋转轴运动,检查NC程序
3406,退刀段有旋转轴运动,警告,退刀段不允许旋转轴运动,检查NC程序
3451,获取速度规划信息失败,警告,速度规划出错,须使用nc程序和cnccfg文件夹查找原因
3452,速度规划获取Obj信息异常,警告,获取对象信息异常,须使用nc程序和cnccfg文件夹查找原因
3453,速度规划目标速度异常,警告,速度规划求得速度异常,须使用nc程序和cnccfg文件夹查找原因
3454,SSGetAccFinalV计算出错,警告,算法出错,须使用nc程序和cnccfg文件夹查找原因
3455,插补出错01,警告,插补计算出错,须使用nc程序和cnccfg文件夹查找原因
3456,插补出错04,警告,插补计算出错,须使用nc程序和cnccfg文件夹查找原因
3457,插补跨段出错！,警告,插补计算出错,须使用nc程序和cnccfg文件夹查找原因
3606,选择程序段执行不支持：*,警告,使用程序段选择功能时，所选程序含有不能处理的指令,因为程序中使用了*功能，不支持使用选择程序段执行功能
3611,选择程序段执行:坐标系旋转或RTCP 与刀补状态冲突！,警告,使用程序段选择功能时，所选位置的RTCP、坐标系旋转、刀补状态不能处理,程序不支持使用选择程序段执行功能
3612,选择程序段执行:*轴有异常移动!,警告,使用程序段选择功能时，所选程序含有不能处理的指令,程序不支持使用选择程序段执行功能
3613,选择程序段执行:*轴位置超软限位，不能同步到程序启动位置!,警告,使用程序段选择功能时，所选程序含有不能处理的指令,程序不支持使用选择程序段执行功能
3614,"选择程序段执行:工作刀号(*)与主轴当前刀号(*)不一致,请先手动换刀恢复！",警告,使用程序段选择功能时，没有先手动恢复刀具,MDI或手动恢复选择位置的工作刀具
3615,"选择程序段执行:激活D号(*)与通道当前D号(*)不一致,请重新调整选择位置！",警告,使用程序段选择功能时选择位置不合理,调整选择位置，在D1生效的范围选择
3616,选择程序段执行:不支持当前刀具半径补偿状态!,警告,使用程序段选择功能时，所选程序含有不能处理的指令,程序不支持使用选择程序段执行功能
3617,逻辑轴*定位到程序启动位置顺序参数设置错误,警告,程序段选择功能相关参数设置错误,设置正确的逻辑轴MoveSProgPosSeq参数
3618,选择程序段执行:参数MoveSProgSpeed值异常!,警告,程序段选择功能相关参数设置错误,设置正确的逻辑轴MoveSProgSpeed参数，0-5000
3619,选择程序段执行:不支持恢复刀具半径补偿状态!,警告,使用程序段选择功能时，所选程序含有不能处理的指令,程序不支持使用选择程序段执行功能
3620,选择程序段执行:(*)轴位置超软限位，不能恢复!,警告,使用程序段选择功能时，所选程序含有不能处理的指令,程序不支持使用选择程序段执行功能
3631,选择程序段执行:不能处理 lpNurbsList缓存,警告,使用程序段选择功能时，所选程序含有不能处理的指令,程序不支持使用选择程序段执行功能
3632,选择程序段执行:不能处理lpDSplinePList缓存,警告,使用程序段选择功能时，所选程序含有不能处理的指令,程序不支持使用选择程序段执行功能
3633,选择程序段执行:不能处理m_lpCSplineObj缓存,警告,使用程序段选择功能时，所选程序含有不能处理的指令,程序不支持使用选择程序段执行功能
3634,选择程序段执行:不能处理m_lpDSplineObj缓存,警告,使用程序段选择功能时，所选程序含有不能处理的指令,程序不支持使用选择程序段执行功能
3635,选择程序段执行:不能处理 m_ListWinULD缓存,警告,使用程序段选择功能时，所选程序含有不能处理的指令,程序不支持使用选择程序段执行功能
3636,选择程序段执行:不能处理m_CTECPPathList缓存,警告,使用程序段选择功能时，所选程序含有不能处理的指令,程序不支持使用选择程序段执行功能
3637,选择程序段执行:不能处理 m_ListFPNT缓存,警告,使用程序段选择功能时，所选程序含有不能处理的指令,程序不支持使用选择程序段执行功能
3638,选择程序段执行:不能处理m_UML缓存,警告,使用程序段选择功能时，所选程序含有不能处理的指令,程序不支持使用选择程序段执行功能
3639,选择程序段执行:不能处理 m_compile缓存,警告,使用程序段选择功能时，所选程序含有不能处理的指令,程序不支持使用选择程序段执行功能
3801,NC程序存在错误，错误段号为:‘___’，错误描述为：NC程序格式错误,警告,程序段格式错误,根据问题原因修改NC程序
3802,NC程序存在错误，错误段号为:‘___’，错误描述为：无效的GOTO指令,警告,GOTO指令指定的程序段不存在,根据问题原因修改NC程序
3803,NC程序存在错误，错误段号为:‘___’，错误描述为：在NRBS指令中包含了普通NC指令,警告,NURBS指令之间不能包含普通运动程序段,根据问题原因修改NC程序
3804,NC程序存在错误，错误段号为:‘___’，错误描述为：子程序调用错误,警告,子程序不存在,根据问题原因修改NC程序
3805,NC程序存在错误，错误段号为:‘___’，错误描述为：子程序结束错误,警告,在非子程序中使用了RET指令,根据问题原因修改NC程序
3806,NC程序存在错误，错误段号为:‘___’，错误描述为：NRBS开始指令错误,警告,NRBS开始指令错误,根据问题原因修改NC程序
3808,NC程序存在错误，错误段号为:‘___’，错误描述为：NRBS结束指令错误,警告,NRBS结束指令错误,根据问题原因修改NC程序
3809,NC程序存在错误，错误段号为:‘ ___’，错误描述为：G0格式错误,警告,G0程序段中包含了非法操作数,根据问题原因修改NC程序
3810,NC程序存在错误，错误段号为:‘___’，错误描述为：插补类型错误（直线）,警告,插补指令和操作数不匹配,根据问题原因修改NC程序
3811,NC程序存在错误，错误段号为:‘___’，错误描述为：插补类型错误（圆弧）,警告,插补类型错误（圆弧）,根据问题原因修改NC程序
3812,NC程序存在错误，错误段号为:‘___’，错误描述为：插补类型错误（样条）,警告,插补类型错误（样条）,根据问题原因修改NC程序
3813,NC程序存在错误，错误段号为:‘___’，错误描述为：插补类型错误（样条2）,警告,插补类型错误（样条2）,根据问题原因修改NC程序
3814,NC程序存在错误，错误段号为:‘___’，错误描述为：程序镜像轴不合法,警告,程序镜像轴不合法,根据问题原因修改NC程序
3815,NC程序存在错误，错误段号为:‘___’，错误描述为：程序旋转轴不合法,警告,程序旋转轴不合法,根据问题原因修改NC程序
3816,NC程序存在错误，错误段号为:‘___’，错误描述为：程序缩放轴不合法,警告,程序缩放轴不合法,根据问题原因修改NC程序
3817,NC程序存在错误，错误段号为:‘___’，错误描述为：#变量索引无效,警告,#变量索引无效，超过了上下界,根据问题原因修改NC程序
3818,NC程序存在错误，错误段号为:‘___’，错误描述为：ASIN参数值不合法,警告,ASIN参数值不合法，参数值应为[-,根据问题原因修改NC程序
3819,NC程序存在错误，错误段号为:‘__’，错误描述为：ACOS参数值不合法,警告,ACOS参数值不合法，参数值应为[-,根据问题原因修改NC程序
3820,NC程序存在错误，错误段号为:‘___’，错误描述为：SQRT参数值不合法,警告,SQRT参数值不合法，参数值应大于等于0,根据问题原因修改NC程序
3821,NC程序存在错误，错误段号为:‘___’，错误描述为：MSADD超过最大添加个数,警告,MSADD超过最大添加个数为16,根据问题原因修改NC程序
3822,NC程序存在错误，错误段号为:‘___’，错误描述为：DIADD超过最大添加个数,警告,DIADD超过最大添加个数为16,根据问题原因修改NC程序
3823,NC程序存在错误，错误段号为:‘___’，错误描述为：DOADD超过最大添加个数,警告,DOADD超过最大添加个数为16,根据问题原因修改NC程序
3824,NC程序存在错误，错误段号为:‘___’，错误描述为：文件无法写入,警告,文件不存在或正在被其他程序打开,根据问题原因修改NC程序
3825,NC程序存在错误，错误段号为:‘___’，错误描述为：无效的GOTO指令,警告,GOTO指令指定的程序段不存在,根据问题原因修改NC程序
3826,NC程序存在错误，错误段号为:‘___’，错误描述为：IF语句结束错误,警告,检查IF与ENDIF是否是成对出现的,根据问题原因修改NC程序
3827,NC程序存在错误，错误段号为:‘___’，错误描述为：WHILE语句结束错误,警告,检查WHILE与ENDWHILE是否是成对出,根据问题原因修改NC程序
3828,NC程序存在错误，错误段号为:‘___’，错误描述为：WHILE语句开始错误,警告,检查WHILE与ENDWHILE是否是成对出,根据问题原因修改NC程序
3829,NC程序存在错误，错误段号为:‘___’，错误描述为：BREAK语句无效,警告,检查BREAK是否定义在WHILE语句之中,根据问题原因修改NC程序
3830,NC程序存在错误，错误段号为:‘___’，错误描述为：#变量索引无效,警告,#变量索引无效，超过了上下界,根据问题原因修改NC程序
3831,NC程序存在错误，错误段号为:‘___’，错误描述为：未初始化的MSBEG指令,警告,MSADD必须定义在MSBEG指令中,根据问题原因修改NC程序
3832,NC程序存在错误，错误段号为:‘___’，错误描述为：未初始化的DIBEG指令,警告,DIADD必须定义在DIBEG指令中,根据问题原因修改NC程序
3833,NC程序存在错误，错误段号为:‘___’，错误描述为：未初始化的DOBEG指令,警告,DOADD必须定义在DOBEG指令中,根据问题原因修改NC程序
3834,NC程序存在错误，错误段号为:‘___’，错误描述为：MSBEG指令重定义,警告,MSBEG指令重定义,根据问题原因修改NC程序
3835,NC程序存在错误，错误段号为:‘___’，错误描述为：DIBEG指令重定义,警告,DIBEG指令重定义,根据问题原因修改NC程序
3836,NC程序存在错误，错误段号为:‘___’，错误描述为：DOBEG指令重定义,警告,DOBEG指令重定义,根据问题原因修改NC程序
3837,NC程序存在错误，错误段号为:‘___’，错误描述为：除0错误,警告,计算表达式除数为0,根据问题原因修改NC程序
3838,NC程序存在错误，错误段号为:‘___’，错误描述为：00-999号变量是只读变量,警告,00-999号变量是只读变量,根据问题原因修改NC程序
3839,NC程序存在错误，错误段号为:‘___’，错误描述为：G指令定义错误,警告,GDEF后面的数字必须为800-999,根据问题原因修改NC程序
3840,NC程序存在错误，错误段号为:‘___’，错误描述为：EXE程序不存在,警告,EXE程序不存在,根据问题原因修改NC程序
3841,NC程序存在错误，错误段号为:‘___’，错误描述为：变量读写失败,警告,指定的文件打开失败,根据问题原因修改NC程序
3842,NC程序存在错误，错误段号为:‘___’，错误描述为：D指令值应大于0,警告,D指令值应大于0,根据问题原因修改NC程序
3843,NC程序存在错误，错误段号为:‘___’，错误描述为：循环指令参数索引号错误,警告,循环指令参数索引号范围是800-852,根据问题原因修改NC程序
3844,NC程序存在错误，错误段号为:‘___’，错误描述为：插补类型错误（RTCP圆弧）,警告,插补类型错误（RTCP圆弧）,根据问题原因修改NC程序
3845,NC程序存在错误，错误段号为:‘___’，错误描述为：字符串长度过长（最大9）,警告,字符串长度过长（最大9）,根据问题原因修改NC程序
4028,车铣复合轴%铣模式下开环,警告,,设置车铣复合的逻辑轴参数CorreSpindle为对应复合主轴编号，重新启动系统；
4033,主轴准停方向参数设置值超限,警告,,"Spindle[m]->SpKnipitDir->[n]设置值范围是[0,360]"
4042,主轴锁紧误差参数设置值超限,警告,,"Spindle[m]->SpLockErr设置值范围为[90,90]"
4052,主轴准停未成功完成，停止在%,警告,,主轴准停报错，该消息前后有更加详细的出错原因消息；
4053,获取的伺服状态值为%,警告,系统获取到伺服报警状态输出伺服的报警状态信息。,检查伺服驱动器状态。
6048,主轴名称非法,警告,,检查组态主轴的名称，修改其为：S[n]
6055,"主轴名称冲突，请检查，NC认为S,S0,S1指的是同一个主轴",警告,,检查组态主轴属性名称
6069,逻辑轴id超过允许的最大值,警告,,检查组态逻辑轴id设置并修改到1至16的范围之内。
6070,逻辑轴:% 指令速度为:%(mm/min)(rpm)超过其最大速度,警告,,1.调整通道加减速参数配置；
6117,机器人轴:% 坐标接近软限位，坐标值为：%,急停,,手动模式操作该机器人轴，使其位置远离软限位位置；
6118,逻辑轴名字重复,警告,,检查组态逻辑轴名设置并修改。
6124,坐标系数据设置错误,警告,,坐标系偏置值设置错误。
6152,机器人轴:% 指令速度为:%(rpm)超过其最大速度,急停,,减小编程指令F值
6185,机器人轴:% 获取绝对值编码器坐标值为：%,提示,打印消息用,不需要处理。
6186,机器人轴:% 获取绝对坐标超软限位，坐标值为：%,警告,,手动模式操作该机器人轴，使其位置远离软限位位置；
7116,主轴%:上使能获取状态超时,警告,,GNC无法指令该逻辑轴伺服上使能，请检查伺服驱动器
7117,主轴%:下使能获取状态超时,警告,,GNC无法指令该逻辑轴伺服下使能，请检查伺服驱动器
8010,物理轴%:位置环超差,急停,判断位置环是否超差，实质就是判断指令和反馈之差，也就是看电机能否跟上指令的响应。导致位置环超差的原因很多，参数方面包括最大跟随误差参数设置不合理，加速度和加速度建立时间设置不合理，速度环、位置环增益设置问题，电流是否放开；机械方面包括是否别劲；电气方面包括编码器反馈是否正常，动力线是否异常。总之报该报警的话，整个从指令到反馈环节都有可能出错，需要结合其他信息来定位问题所在。,检查编码器反馈是否正常，移动该轴时观察负载率确认机械方面是否别劲，排查参数设置是否合理。
8026,物理轴%:距离编码参数错误,急停,距离编码参数错误,重新设置。
8027,物理轴%:最大随动误差参数设置错误,提示,参数设置错误,重新设置。
8028,物理轴%:参数编码器线数未设置,提示,参数设置错误,重新设置。
8039,物理轴%:导程为0,提示,参数设置错误,重新设置。
8040,物理轴%:两路编码器反馈超差，超差值为：%,提示,两路编码器差值指的是电机编码器和光栅尺编码器之差，电机在移动过程中，由于丝杠的导程、热膨胀，以及反向间隙等影响，会有一定波动，但范围不会太大，若出现超差，一般是某一路编码器反馈有问题，或者机械连接部分有松动。,检查两路编码器反馈是否正常，检查机械连接是否松动。
8041,物理轴%:两路编码器反馈超过2倍设定值，超差值为：%,急停,两路编码器差值指的是电机编码器和光栅尺编码器之差，电机在移动过程中，由于丝杠的导程、热膨胀，以及反向间隙等影响，会有一定波动，但范围不会太大，若出现超差，一般是某一路编码器反馈有问题，或者机械连接部分有松动。,检查两路编码器反馈是否正常，检查机械连接是否松动。
10001,设置轴:%原点坐标为:%,提示,参数ShowDegMsg=1时输出的内部消息，为方便系统调试；,不需要处理。
10002,复位完成,提示,参数ShowDegMsg=1时输出的内部消息，为方便系统调试；,不需要处理。
10003,收到主轴操作M代码,提示,参数ShowDegMsg=1时输出的内部消息，为方便系统调试；,不需要处理。
10006,保存参数,提示,参数ShowDegMsg=1时输出的内部消息，为方便系统调试；,不需要处理。
10011,手轮倍率切换至,提示,参数ShowDegMsg=1时输出的内部消息，为方便系统调试；,不需要处理。
10012,获取插补输出数据超时,提示,系统计算超时，系统正常运行不应出现该消息。,请联系相关技术人员。
10035,主轴准停-获取主轴Z脉冲锁存值失败，启动主轴旋转,提示,参数ShowDegMsg=1时输出的内部消息，为方便系统调试；,不需要处理。
10036,主轴准停-首次准停初始化,提示,参数ShowDegMsg=1时输出的内部消息，为方便系统调试；,不需要处理。
10037,DeltaZ=,提示,参数ShowDegMsg=1时输出的内部消息，为方便系统调试；,不需要处理。
10038,返参完成,提示,参数ShowDegMsg=1时输出的内部消息，为方便系统调试；,不需要处理。
10040,初始化绝对值坐标完成,提示,参数ShowDegMsg=1时输出的内部消息，为方便系统调试；,不需要处理。
10042,当前手轮编号号切换至,提示,参数ShowDegMsg=1时输出的内部消息，为方便系统调试；,不需要处理。
10043,手轮控制轴号切换至,提示,参数ShowDegMsg=1时输出的内部消息，为方便系统调试；,不需要处理。
10054,输出逻辑轴:%在机床坐标位置:%的第:%物理轴补偿值为:%,提示,参数ShowDegMsg=1时输出的内部消息，为方便系统调试；,不需要处理。
10060,测试1-%，2-%，3-%，4-%，5-%， 6-%，7-%，8-%，9-%，10-%,提示,内部出错信息,拍照保存，同时须使用nc程序和cnccfg文件夹查找原因
10104,启动手轮任务失败,提示,系统处于非手动模式。,系统处于非手动模式。
10109,读取主轴Z脉冲锁存值为,提示,参数ShowDegMsg=1时输出的内部消息，为方便系统调试；,不需要处理。
10110,主轴增量进给值为,提示,参数ShowDegMsg=1时输出的内部消息，为方便系统调试；,不需要处理。
10120,启动手轮,提示,参数ShowDegMsg=1时输出的内部消息，为方便系统调试；,不需要处理。
10121,关闭手轮,提示,参数ShowDegMsg=1时输出的内部消息，为方便系统调试；,不需要处理。
10123,输出逻辑轴:%在机床坐标位置:%的反向间隙:%,提示,参数ShowDegMsg=1时输出的内部消息，为方便系统调试；,不需要处理。
10128,收到逻辑轴%的增量指令长度为%速度为%,提示,参数ShowDegMsg=1时输出的内部消息，为方便系统调试；,不需要处理。
10137,"矢量退刀已经激活，刀具矢量为X:%,Y:%,Z:%",提示,参数ShowDegMsg=1时输出的内部消息，为方便系统调试；,不需要处理。
10138,主轴%:指令速度不为0的时候收到下使能指令,提示,,检查PLC程序给主轴下使能的相关处理逻辑。
10143,逻辑轴%开始正向运动，当前机床指令坐标%，反馈坐标%，补偿积分输出%,提示,参数ShowDegMsg=1时输出的内部消息，为方便系统调试；,不需要处理。
10144,逻辑轴%开始负向运动，当前机床指令坐标%，反馈坐标%，补偿积分输出%,提示,参数ShowDegMsg=1时输出的内部消息，为方便系统调试；,不需要处理。
10145,逻辑轴%停止运动，当前机床指令坐标%，反馈坐标%，补偿积分输出%,提示,参数ShowDegMsg=1时输出的内部消息，为方便系统调试；,不需要处理。
10153,逻辑轴:% 放开电机负载率,提示,双驱时，提示用,不需要处理。
10156,已有3DInc任务正在执行，当前请求被驳回,提示,重复指定3DINC任务。,系统正常运行不应出现该消息。请联系相关技术人员。
10161,测头上升沿触发,提示,系统内部处理提示性消息,不需要处理。
10162,PLC设置的五轴刀长变化量过大被忽略,提示,,请检查PLC程序。
10163,测头下降沿触发,提示,系统内部处理提示性消息,不需要处理。
10168,系统速度规划取到的指针为空,提示,内部出错信息,须使用nc程序和cnccfg文件夹查找原因
10170,车螺纹-进入匀速段主轴角度为%,提示,参数ShowDegMsg=1时输出的内部消息，为方便系统调试；,不需要处理。
10171,车螺纹-程序指定的起始角度为%,提示,参数ShowDegMsg=1时输出的内部消息，为方便系统调试；,不需要处理。
10172,车螺纹-开始进入加工的角度为%,提示,参数ShowDegMsg=1时输出的内部消息，为方便系统调试；,不需要处理。
10173,机器人-笛卡尔坐标-X %，Y %，Z %，A %，B %，C %,提示,机器人算法报错时系统输出的附加消息，用于方便分析问题原因。,不需要处理。
10174,机器人-轴坐标-A(1) %，A(2) %，A(3) %，A(4) %，A(5) %，A(6) %,提示,机器人算法报错时系统输出的附加消息，用于方便分析问题原因。,不需要处理。
10175,车螺纹-角度校验失败，重新开始等待起始角度，当前角度为%,提示,系统输出的调试消息，为方便调试和分析问题原因。,不需要处理。
10178,机器人-当前G00倍率为%,提示,机器人算法报错时系统输出的附加消息，用于方便分析问题原因。,不需要处理。
10179,机器人-当前G01倍率为%,提示,机器人算法报错时系统输出的附加消息，用于方便分析问题原因。,不需要处理。
10180,接收到逻辑轴%定位到机床坐标系% 指令，当前机床坐标系坐标为%,提示,参数ShowDegMsg=1时输出的内部消息，为方便系统调试；,不需要处理。
11002,逻辑轴%:龙门轴超差!,提示,龙门双驱位置同步超差。,检查机械部分是否别劲，检查双驱反馈是否正常。
11003,逻辑轴%:龙门从动轴返参初始化时未取得Z脉冲锁存值，请移动该轴超过螺距距离之后重新返参初始化!,提示,龙门从动轴返参初始化时未取得Z脉冲锁存值，请移动该轴超过螺距距离之后重新返参初始化!,请移动该轴超过螺距距离之后重新返参初始化!
11005,逻辑轴%:龙门轴校正总量为%,提示,,不需要处理。
11006,逻辑轴%:获取使能状态超时,提示,获取使能状态超时,检查伺服状态，检查PLC
11007,逻辑轴%:获取开闭环状态超时,提示,获取开闭环状态超时,检查位置环状态
11008,逻辑轴%:同步超时,提示,轴停止时，需要同步，同步超时，意味着该轴一直没挺下来。,检查参数，检查PLC。
11009,逻辑轴%:再次查找Z脉冲失败，请增大反向寻找Z脉冲距离再试。,提示,未找到Z脉冲,请增大反向寻找Z脉冲距离再试。
11011,逻辑轴%:从轴为非距离编码,提示,,不需要处理。
11013,逻辑轴%:无附加运动或者不是增量编码器，则不需附加运动。,提示,,不需要处理。
11014,逻辑轴%:参数设置成返参后不纠正龙门轴。,提示,,不需要处理。
11015,逻辑轴%:龙门轴校正实际总量为%,提示,,不需要处理。
11020,逻辑轴%:距离编码3次返参失败,提示,距离编码3次返参失败,检查编码器反馈。
11021,逻辑轴%:没有原点开关，叫我如何返参？,提示,返参参数设置错误。,根据返参手册上的参数，重新设置参数。
11022,逻辑轴%:未绑定物理轴,提示,组态错误。,重新绑定。
12016,物理轴%:清除随动误差,提示,,不需要处理。
12049,物理轴%:测头第一次锁存值:% 编码器反馈:% 实时锁存值:%,提示,,不需要处理。
12050,物理轴%:获取绝对位置，同时清除随动误差,提示,,不需要处理。
13068,手动任务执行错误，错误代码为:%,警告,,系统运行致命错误，请联系相关技术人员。
13158,系统内存耗尽，请必须重启系统,警告,,系统运行致命错误，请联系相关技术人员。
13182,手动定长任务执行错误,警告,,系统运行致命错误，请联系相关技术人员。
13184,机器人算法返回错误，错误代码,警告,,系统运行致命错误，请联系相关技术人员。
15038,物理轴%:距离编码Z脉冲锁存值异常,警告,距离编码Z脉冲锁存值异常,检查编码器反馈。
16013,逻辑轴%:指令输出接口返回错误,警告,,1.逻辑轴位置环超差，调整逻辑轴位置环参数配置；2.逻辑轴未上使能，通过PLC给对应逻辑轴上使能；
16014,主轴%:指令输出接口返回错误,警告,,1.主轴位置环超差，调整主轴位置环参数配置；2.主轴未上使能，通过PLC给对应主轴上使能；
16044,插补run输出数据异常,急停,,系统运行致命错误，请联系相关技术人员。
16046,加减速计算出错，请修改加减速参数到正确值,急停,算法出错,须使用nc程序和cnccfg文件夹查找原因
16047,断点返回录制发生错误,警告,,暂停自动程序后，手动操作动作次数超过系统允许的最大值。
13451,系统超前读速度规划出错,警告,速度规划计算出错,须使用nc程序和cnccfg文件夹查找原因
16114,插补计算出错,急停,插补计算出错,须使用nc程序和cnccfg文件夹查找原因
16125,注册非实时任务失败,警告,,系统运行致命错误，请联系相关技术人员。
16126,矢量编程或大圆弧插补计算出错,警告,矢量的模长为0时报警,系统运行致命错误，请联系相关技术人员。
16127,样条插补计算出错,警告,切向矢量的模长为0时报警,系统运行致命错误，请联系相关技术人员。
16130,通道ID超范围,警告,,检查组态通道ID设置并修改值1至8的范围之内。
16131,倍率变速模块工作异常,急停,,系统运行致命错误，请联系相关技术人员。
16151,机床类型修改为机器人，请重启,警告,,按下急停按钮后，重启CNC.
16183,机器人轴:% 指令计算异常，指令增量为:%,急停,,系统运行致命错误，请联系相关技术人员。
16184,获取FPGA版本信息失败,急停,主板通讯问题。,检查设备异常(咨询设备提供商)
16185,主站FPGA版本过低，请更新到0X201 以上,急停,,主站FPGA版本过低，请更新到 0X201 以上
18001,物理轴%:同步超时,急停,轴停止时，需要同步，同步超时，意味着该轴一直没挺下来。,检查参数，检查PLC。
18022,物理轴%:位置环开环但闭环那一路接收到指令,急停,位置环开环但闭环那一路接收到指令,检查PLC。
18023,物理轴%:位置环闭环但开环那一路接收到指令,急停,位置环闭环但开环那一路接收到指令,检查PLC。
18024,物理轴%:未上使能接收到指令,急停,未上使能接收到指令,检查PLC。
20100,软件异常-控制中断溢出,急停,DSP程序在运行过程中出现异常触发,由干扰引起，排除干扰后，重新上电；DSP程序错误，更新DSP程序后，重新上电；伺服驱动模块的硬件损坏，更换伺服驱动模
20101,软件异常-看门狗溢出,急停,DSP程序在运行过程中出现异常触发,由干扰引起，排除干扰后，重新上电；DSP程序错误，更新DSP程序后，重新上电；伺服驱动模块的硬件损坏，更换伺服驱动模
20102,软件异常-不可屏蔽异常中断,急停,DSP程序在运行过程中出现异常触发；,由干扰引起，排除干扰后，重新上电；DSP程序错误，更新DSP程序后，重新上电；伺服驱动模块的硬件损坏，更换伺服驱动模块；
20103,软件异常-非法操作异常中断,急停,DSP程序在运行过程中出现异常触发；,由干扰引起，排除干扰后，重新上电；DSP程序错误，更新DSP程序后，重新上电；伺服驱动模块的硬件损坏，更换伺服驱动模块；
20104,软件异常-堆栈溢出异常中断,急停,DSP程序在运行过程中出现异常触发；,由干扰引起，排除干扰后，重新上电；DSP程序错误，更新DSP程序后，重新上电；
20105,软件异常-未知异常中断,急停,DSP程序在运行过程中出现异常触发；,由干扰引起，排除干扰后，重新上电；DSP程序错误，更新DSP程序后，重新上电；伺服驱动模块的硬件损坏，更换伺服驱动模块；
20106,软件异常-控制中断周期超时,急停,DSP程序在运行过程中出现异常触发；,由干扰引起，排除干扰后，重新上电；DSP程序错误，更新DSP程序后，重新上电；伺服驱动模块的硬件损坏，更换伺服驱动模块；
20107,软件异常-软件内部异常,急停,DSP程序在运行过程中出现异常触发；,由干扰引起，排除干扰后，重新上电；DSP程序错误，更新DSP程序后，重新上电；伺服驱动模块的硬件损坏，更换伺服驱动模块；
20108,软件异常-控制中断周期异常,急停,DSP程序在运行过程中出现异常触发；,由干扰引起，排除干扰后，重新上电；DSP程序错误，更新DSP程序后，重新上电；伺服驱动模块的硬件损坏，更换伺服驱动模块；
20201,存储器异常-内存自检异常,急停,DSP程序自检过程中出错；,由干扰引起，排除干扰后，重新上电；伺服驱动模块的硬件损坏，更换伺服驱动模块；
20202,存储器异常-FPGA版本错误,急停,检测到FPGA的版本不符合要求；,FPGA版本错误，更新FPGA程序后，重新上电；伺服驱动模块的硬件损坏，更换伺服驱动模
20210,存储器异常-EEP参数三次读取失败,急停,存储器损坏或是EEP受到干扰触发；,排除干扰后（改善接地等），重新上电；伺服驱动模块的硬件损坏，更换伺服驱动模块；
20211,存储器异常-EEP参数三次写入失败,急停,存储器损坏或是EEP受到干扰触发；,排除干扰后（改善接地等），重新上电；伺服驱动模块的硬件损坏，更换伺服驱动模块；
20212,存储器异常-EEP参数数据溢出,急停,存储器损坏或是EEP受到干扰触发；,排除干扰后（改善接地等），重新上电；伺服驱动模块的硬件损坏，更换伺服驱动模块；
20213,存储器异常-EEPROM访问超时,急停,存储器损坏或是EEP受到干扰触发；,排除干扰后（改善接地等），重新上电；伺服驱动模块的硬件损坏，更换伺服驱动模块；
20214,存储器异常-EEPROM损坏/不存在,急停,EEPROM损坏；,更换EEPROM芯片；
20215,存储器异常-参数文件未下载,急停,参数文件未下载；,下载合适的参数文件；
20216,存储器异常-EEPROM写保护信号异常,急停,存储器损坏或是EEP受到干扰触发；,排除干扰后（改善接地等），重新上电；伺服驱动模块的硬件损坏，更换伺服驱动模块；
20220,存储器异常-外部使能输入点未配置,急停,启动外部使能功能后，输入点未配置；,输入点正确配置后，重新上电；
20221,存储器异常-外部速度选择输入点未配置,急停,启动外部速度给定功能后，外部速度选择输入点未配置；,输入点正确配置后，重新上电；
20222,存储器异常-绕组切换IO配置错误,急停,启用绕组切换功能后，IO点配置错误；,更正IO点配置后，重新上电；
20223,存储器异常-动态制动输出点未配置,急停,启动动态制动功能后，输出点未配置；,输出点正确配置后，重新上电；
20300,编码器异常-编码器L与FPGA版本不一致,急停,FPGA版本错误，触发该报警；编码器相关参数设置错误，触发该报警；,更换正确的FPGA版本，重新上电；更正编码器相关参数设置，重新上电；可通过配置参数P0102. Bit8（驱动器功能控制字）关闭此检测功能；
20301,编码器异常-编码器R断线,急停,伺服驱动模块检测到编码器R断线，触发该报警；编码器相关参数设置错误，触发该报警；,检查编码器连线，确认后重新上电；更正编码器相关参数设置，重新上电；可通过配置参数P0102. Bit8（驱动器功能控制字）关闭此检测功能；硬件损坏，更换伺服驱动模块；
20302,编码器异常-编码器UVW状态错误,急停,伺服驱动模块检测到编码器的霍尔信号状态错误，触发该报警；编码器相关参数设置错误，触发该报警；,检查编码器连线，确认后重新上电；更正编码器相关参数设置，重新上电；
20304,编码器异常-编码器L断线,急停,伺服驱动模块检测到编码器L断线，触发该报警；编码器相关参数设置错误，触发该报警；,检查编码器连线，确认后重新上电；更正编码器相关参数设置，重新上电；硬件损坏，更换伺服驱动模块；
20305,编码器异常-编码器检测异常,急停,细分器的分辨率参数与用户参数失配时，触发该报警；,检查编码器相关参数设置，确认后重新上电；
20306,编码器异常-编码器Z信号丢失,急停,超过两圈没有检测到旋转编码器的Z 信号或过零点，触发该报警；,检查编码器相关参数设置，确认后重新上电；
20307,编码器异常-位置反馈数据超时,急停,编码器的反馈数据值固定不变超时，触发该报警；,检查编码器连线，确认后重新上电；可通过配置参数P0102. bit2（驱动器功能控制字）关闭此检测功能；注意，使用分辨率低的编码器会持续触发该报警；
20308,编码器异常-编码器R的UVW信号断线,急停,伺服驱动模块检测到编码器R的UVW 信号断线，触发该报警；编码器配置参数设置错误；编码器电路损坏；,检查编码器连线，确认后重新上电；修改编码器配置参数设置，重新上电测试；编码器损坏，更换编码器；硬件损坏，更换伺服驱动模块；
20309,编码器异常-编码器L的UVW信号断线,急停,伺服驱动模块检测到编码器L的UVW 信号断线，触发该报警；编码器配置参数设置错误；编码器电路损坏；,检查编码器连线，确认后重新上电；修改编码器配置参数设置，重新上电测试；硬件损坏，更换伺服驱动模块；
20311,编码器异常-编码器L过温,急停,编码器温度超限，触发该报警；,检查编码器温度是否过高排查编码器接线是否有断路，短路现象
20318,编码器异常-编码器L硬件异常(P0318),急停,来自FPGA的报警，参数P0318可显示来自FPGA的异常编码；,可通过配置参数P0102. Bit8（驱动器功能控制字）关闭此检测功能；
20330,编码器异常-编码器R与FPGA版本不一致,急停,FPGA版本错误，触发该报警；编码器相关参数设置错误，触发该报警；,更换正确的FPGA版本，重新上电；更正编码器相关参数设置，重新上电；可通过配置参数P0102. Bit8（驱动器功能控制字）关闭此检测功能；
20338,编码器异常-编码器R硬件异常(P0338),急停,来自FPGA的报警，参数P0338可显示来自FPGA的异常编码；,可通过配置参数P0102. Bit8（驱动器功能控制字）关闭此检测功能；
20400,测量异常-测量超时,急停,内部使能模式p0102.1=1时，超过5 秒没有进入使能状态报警；,检查伺服是否上强电，监控实际直流母线电压（r0036）查看参数102bit1设置是否正确。参数109写入是否有误
20401,测量异常-测量异常中断,急停,测量过程中掉使能，触发报警；,测量过程中电流震动幅度是否过大，减小参数初始定位转矩给定（662）查看电机电流环阶跃响应是否跟以往电机差别较大
20402,测量异常-测量过电流,急停,电机参数测量中相电流超过1.5倍额定电流，触发报警；,检查电机接线；
20403,测量异常-测量欠电流,急停,磁极测量中反馈电流低于0.5倍给定电流，触发报警；,确认参数463和464设置正确，给定电流小于过载限制倍数
20404,测量异常-测量校验失败,急停,两次角度测量，两次差值大于±5度电角度，触发报警；,检查电机负载；
20500,再生异常-再生工作超时,急停,针对基本型电源模块，电源模块长时间处于再生工作状态触发该报警；,再生电阻选择错误，导致再生能量不能快速释放，更换正确的再生电阻后，重新上电；
20501,再生异常-再生处理电路异常,急停,针对基本型电源模块，电源模块检测到再生电路异常后，通知伺服驱动模块，触发该报警；,再生处理电路故障，排除故障或更换电源模块后，重新上电；与电源模块的通信异常，确认通信正常后，重新上电；
20502,再生异常-再生电阻过热,急停,针对基本型电源模块，电源模块检测到再生电阻温度超过限值后，通知伺服驱动模块；,再生电阻功率选择过小，更换大功率再生电阻后，重新上电；再生电阻温度检测回路故障，排除故障后，重新上电；
20600,母线过电压-电源模块硬件检测过压,急停,电源模块硬件检测到母线电压超过过电压阈值；,电源模块选型有误（偏小），重新进行电源模块选型；电源模块的参数设置不够优化，运行过程中母线电压升高导致报警，可优化电源模块参数，重新上电；电源模块过压检测电路损坏，更换电源模
20601,母线过电压-驱动模块ADC检测过压,急停,伺服驱动模块检测到母线电压超过过电压阈值（参数P1036）；,服驱动模块的过压检测参数设置错误，如参数P1106（母线电压偏移量）设置偏低，更正参数后重新上电；伺服驱动模块的运行参数设置不够优化，运行过程中母线电压升高导致报警，可优化参数，重新上电；伺服驱动模块的过压检测电路损坏导致报警，更换伺服驱动模块；
20700,母线欠电压-电源模块硬件检测欠压,急停,电源模块硬件检测到母线电压低于欠电压阈值；,动力电未接入或者动力电的电压偏低，导致母线电压不足，确认动力电的电压后，重新上电；电源模块欠压检测电路损坏导致，更换电源模块；
20701,母线欠电压-驱动模块ADC检测欠压,急停,伺服驱动模块检测到母线电压低于欠电压阈值（参数P1035）；,伺服驱动模块的欠压检测参数设置错误，如参数P1106（母线电压偏移量）设置过大，更正参数后重新上电；伺服驱动模块的欠压检测电路损坏导致报警，更换伺服驱动模块；注意伺服驱动模块使能以后才会触发该报
20702,母线欠电压-驱动模块ADC检测低压,急停,驱动模块ADC检测直流母线电压低于 p1034；,伺服驱动模块的欠压检测参数设置错误，更正参数后重新上电；伺服驱动模块的欠压检测电路损坏导致报警，更换伺服驱动模块；电源模块异常，更换电源模块；
20800,电机模块异常-功率单元电流过载,急停,电机与电机模块功率不匹配；机械故障；,重新选择电机模块；排除机械故障；
20801,电机模块异常-功率单元散热器超温,急停,电机模块的散热条件不好；,改善散热条件；
20802,电机模块异常-功率单元风扇反馈异常,急停,散热风扇损坏；散热风扇检测系统损坏；,更换散热风扇；更换电机模块；
20803,电机模块异常-功率单元散热器温度传感器开路,急停,散热风扇检测系统损坏；,更换电机模块；
20804,电机模块异常-功率单元散热器温度传感器短路,急停,散热风扇检测系统损坏；,更换电机模块；
20805,电机模块异常-功率单元散热器温度传感器无反应,急停,散热风扇检测系统损坏；,更换电机模块；
20806,电机模块异常-功率单元风扇老化,急停,散热风扇使用时间过长；,更换散热风扇；
20900,紧急停止-紧急停止触发,急停,紧急停止触发后，触发该报警；,请与伺服所人员联系，确认参数设置是否正
20901,紧急停止-ESP紧急停止,急停,ESP紧急停止触发后，触发该报警；,请与伺服所人员联系，确认参数设置是否正
20905,紧急停止-电机抱闸输出反馈丢失,急停,接线错误；电机报闸损坏；,正确接线；更换电机报闸；
20906,紧急停止-电机抱闸异常闭合,急停,接线错误；电机报闸损坏；,正确接线；更换电机报闸；
20907,紧急停止-电机抱闸异常释放,急停,接线错误；电机报闸损坏；,正确接线；更换电机报闸；
20910,紧急停止-动态制动断开超时,急停,动态制动功能开启，断开信号发出后，超时500ms未接收到反馈信号；,配线错误，检查配线；动态制动模块损坏，更换动态制动模块；
20911,紧急停止-动态制动闭合超时,急停,动态制动功能开启，闭合信号发出后，超时500ms未接收到反馈信号；,配线错误，检查配线；动态制动模块损坏，更换动态制动模块；
20912,紧急停止-动态制动响应异常,急停,动态制动功能开启，反馈信号与控制信号不一致超时500ms；,配线错误，检查配线；动态制动模块损坏，更换动态制动模块；
20913,紧急停止-动态制动功能未使能,急停,IO配置后未使能动态制动（参数P0253.bit1=0）；,修改参数，使能动态制动；
20914,紧急停止-动态制动非正常闭合,急停,动态制动功能开启，伺服驱动模块使能中，接收到闭合反馈信号；,配线错误，检查配线；动态制动模块损坏，更换动态制动模块；
21603,总线异常-Glink集总帧上行配置数据错误,急停,GLink总线通信异常；,检查总线的连接和相关配置参数；
21604,总线异常-Glink读写指令异常,急停,GLink总线通信异常；,检查总线的连接和相关配置参数；
21000,IPM异常-IPM模块硬件报警,急停,IPM模块硬件报警（过流/短路/过热 /控制电源欠压），最常见的是过流与过热；,IPM过流，检查电机连线是否牢固，绝缘耐压是否正常，三相之间和对地是否有短路现象；IPM过热，检查伺服驱动模块的风扇是否正常运转；IPM报警信号受到干扰，产生误报警，检查屏蔽的连接，改善接地；运行过程中的异常造成（如撞车等），重新
21001,IPM异常-IPM模块FPGA报警,急停,IPM模块硬件报警（过流/短路/过热 /控制电源欠压），最常见的是过流与过热；,IPM过流，检查电机连线是否牢固，绝缘耐压是否正常，三相之间和对地是否有短路现象；IPM过热，检查伺服驱动模块的风扇是否正常运转；IPM报警信号受到干扰，产生误报警，检查屏蔽的连接，改善接地；运行过程中的异常造成（如撞车等），重新
21100,热过载-过载保护1(电力反馈过大),急停,实际电流值超过电机额定电流，长时间处于过载状态导致报警；,机械原因造成电机轴抱死，例如报闸没有打开、液压夹紧没有打开等，排除机械原因后，重新上电；电机选取过小，导致长时间过载运行，更换大功率电机；电机参数设置不正确（如电气角偏移量不正确、电机额定电流设置偏小），导致电机出力不够，更正电机参数后，重新上电；
21101,热过载-过载保护2(电流指令过大),急停,电流指令超过电机额定电流，长时间处于过载状态导致报警；,检查电机动力线是否连接，反馈信号是否正常，重新上电；如果负载率输出被限制小于过载保护启动值，不会触发该过载保护
21200,过电流-反馈相电流过大,急停,检测到的反馈相电流达到过电流阈值（参数P1030）时，触发该报警；,检查电机连线是否牢固，绝缘耐压是否正常，三相之间和对地是否有短路现象；伺服驱动模块的参数设置错误或者不够优化，更正电机参数后，重新上电；电流检测硬件损坏，更换伺服驱动模块；
21202,过电流-弱磁电流限幅运行超时,急停,弱磁电流长时间处于限幅状态，触发该报警；,弱磁控制的参数设置不合适，更正电机参数后，重新上电；
21203,过电流-U相硬件过电流,急停,U相硬件检测过电流；硬件过电流阈值是软件过电流阈值 r1030的(0.975/0.95)倍；,检查伺服驱动器连线；伺服驱动器损坏，更换伺服驱动器；
21204,过电流-V相硬件过电流,急停,硬件过电流阈值是软件过电流阈值 r1030的(0.975/0.95)倍；,检查伺服驱动器连线；伺服驱动器损坏，更换伺服驱动器；
21205,过电流-W相硬件过电流,急停,W相硬件检测过电流；硬件过电流阈值是软件过电流阈值 r1030的(0.975/0.95)倍；,检查伺服驱动器连线；伺服驱动器损坏，更换伺服驱动器；
21300,速度异常-超速,急停,检测到的实际速度超过参数P1025（超速报警值）的限制时，触发该报警；,超速报警值（参数P1025）设置过小，更正后，重新上电；伺服驱动模块的参数设置错误或者不够优化，运行过程中导致报警，更正电机参数后，重新上电；编码器反馈信号有误，或者编码器反馈的相关参数设置错误，检查反馈的配线与参数配置，重新上电；
21301,速度异常-失速(飞车),急停,实际速度与给定速度的偏差超过速度超差范围（参数P0436）的设置值，并且时间超过速度超差时间（参数P0437）的设置值，触发该报警；,伺服驱动模块的参数设置不够优化，运行过程中引起速度震荡或跟踪响应不够导致报警，更正电机参数后，重新上电；
21302,速度异常-超速2,急停,检测到的实际速度超过参数P1027（超速2报警阈值）的限制时，触发该报警；,伺服驱动模块的参数设置错误或者不够优化，运行过程中导致报警，更正电机参数后，重新上电；编码器反馈信号有误，或者编码器反馈的相关参数设置错误，检查反馈的配线与参数配置，重新上电；
21303,速度异常-速度震荡,急停,实际速度与给定速度的偏差超过速度超差范围（参数P0436）的设置值，并且次数超过速度调节次数（参数P0435）的设置值，触发该报警；,伺服驱动模块的参数设置不够优化，运行过程中引起速度震荡或跟踪响应不够导致报警，更正电机参数后，重新上电；
21304,速度异常-堵转,急停,伺服驱动模块检测到电机长时间处于堵转状态，触发该报警；,检查机械，排除机械原因，重新上电；检查编码器反馈信号是否正常，重新上电；检查电机参数是否正确，重新上电；
21305,速度异常-速度超差,急停,速度调节器误差超出设定范围p0436 的时间达到p0437设定值时报警,检查机械，排除机械原因，重新上电；检查编码器反馈信号是否正常，重新上电；检查电机参数是否正确，重新上电；
21501,控制板硬件异常-母线电压检测信号异常,急停,配线错误；母线电压检测电路损坏；,正确配线；更换电机模块；
21502,控制板硬件异常-控制电源5V异常,急停,伺服驱动模块的控制电路5V控制电异常，电压不在允许范围之内（4.56v-5.53v）；,供电电路故障，更换伺服驱动模块；外部接插件故障（如编码器连线短路）引起5V控制电异常，检查接插件，重新上电；
21503,控制板硬件异常-电流ADC偏置异常,急停,检测ADC偏置超过额定值的10%时报警；,ADC硬件电路损坏，更换伺服驱动模块；由于干扰等引起的检测异常，排除干扰后，重新上电；
21504,控制板硬件异常-ADC校正2.5V参考电源异常,急停,检测ADC的2.5V参考电源与1.5V参考电源偏差超过1V±5%时报警；,ADC硬件电路损坏，更换伺服驱动模块；由于干扰等引起的检测异常，排除干扰后，重新上电；
21505,控制板硬件异常-ADC校正1.5V参考电源异常,急停,检测ADC的1.5V参考电源偏置超过±6.2%时报警；,ADC硬件电路损坏，更换伺服驱动模块；由于干扰等引起的检测异常，排除干扰后，重新上电；
21508,控制板硬件异常-相电流检测基准电压异常,急停,检测电路损坏；,更换电机模块；
21509,控制板硬件异常-控制电源24V异常,急停,外部供电异常；控制电源检测电路损坏；,检查外部供电；更换电机模块；
21600,总线异常-GLINK同步周期异常,急停,GLink总线通信异常；,检查总线的连接和相关配置参数；
21601,总线异常-GLINK同步丢失/超时,急停,实时检测GLINK同步信号间隔的采样周期数r0778，当相邻两次检测到的数值不同时，r0779的数值加1，如果r0779超过阈值r0780，且伺服使能时，触发报警；,检查总线的连接和相关配置参数；当p0102.9=1时，关闭GLINK监视；
21602,总线异常-GLINK通讯异常,急停,当r0777.0=1的时间超过p0776，且伺服使能时，触发报警；,检查总线的连接和相关配置参数；当p0102.9=1时，关闭GLINK监视；
21605,总线异常-Glink点对点索引异常,急停,GLink总线通信异常；,检查总线的连接和相关配置参数；
21606,总线异常-Glink集总帧号异常,急停,GLink总线通信异常；,检查总线的连接和相关配置参数；
21607,总线异常-Glink集总帧配置索引错误,急停,GLink总线通信异常；,检查总线的连接和相关配置参数；
21608,总线异常-Glink集总帧下行配置数据错误,急停,GLink总线通信异常；,检查总线的连接和相关配置参数；
21609,总线异常-Glink集总帧长度超出范围,急停,GLink总线通信异常；,检查总线的连接和相关配置参数；
21612,总线异常-Glink非法写访问,急停,GLink总线通信异常；,检查总线的连接和相关配置参数；
21700,电源模块异常-电源模块风扇堵转/ 智能电源异常,急停,智能电源模块状态异常；,电源模块状态异常，报警信号由排线送给伺服驱动模块，排除电源模块报警后重新上电；电源模块未准备好的情况下伺服驱动模块使能，导致伺服驱动模块报警，电源模块准备
21706,电源模块异常-电网电源断电,急停,电网断电；智能电源模块状态异常；,检查电网供电；更换电源模块；
21802,绕组切换异常-绕组状态错误,急停,伺服驱动模块检测到绕组的输入状态全高或是全低，触发该报警；,接线错误（如未接入接触器反馈等），或是接触器损坏，检查接线和接触器，重新上
21803,绕组切换异常-接触器通断超时,急停,伺服驱动模块的PLC输出后长时间未检测到反馈，触发该报警；,接线错误，或是接触器损坏，检查接线和接触器，重新上电；
21804,绕组切换异常-绕组非正当方式切换,急停,伺服驱动模块绕组的输出状态与检测状态不符，触发该报警；,接线错误，或是接触器损坏，检查接线和接触器，重新上电；在运行过程中，手动操作接触器导致接触器状态改变，排除手动干扰，重新上电；
21810,绕组切换异常-绕组切换输出点配置错误,急停,绕组切换的输出点没有配置或者重复配置；,PLC的软件设置错误，更正后重新上电；
21811,绕组切换异常-接触器1输入点配置错误,急停,绕组切换的接触器1输入点没有配置或者重复配置，触发该报警；,PLC的软件设置错误，更正后重新上电；
21812,绕组切换异常-接触器2输入点配置错误,急停,绕组切换的接触器2输入点没有配置或者重复配置，触发该报警；,PLC的软件设置错误，更正后重新上电；
40001,相序错误!,急停,主断路器接线端子UVW相序错误,交换U/V/W三相交流电任意两相进线线序
40002,电源报警!,急停,电源回路接触器KM01未正常吸合,检查接触器KM01是否故障、接触器KM01反馈点是否断线
40003,电源过载!,急停,智能电源发生过流，过热，或者短路导致QF01断开,检查智能电源是否故障、断路器QF01接线是否正常
40004,电源异常!,急停,系统给出电源上使能信号后电源长时间未准备好，电源初始化时间与现场供电质量有关，如果供电质量较差可适当延长此报警时间（默认120S，正常情况电源应在30S内完成初始化动作）。,检查智能电源是否报警，如果电源无报警信息，可适当延长报警时间。
40005,VPM模块异常!,急停,主轴电机过压报警，VPM模块断开主轴动力电路。电机在最高转速下主电源消隐，由此造成触发脉冲封锁，那么从电机反馈回直流母线的能量会造成过电压,将主电源关闭，等待2至3分钟后电机的能量转化成热能，保护主轴，再次上电。
40006,24V开关电源1%过载!,急停,（1%为开关电源序号）开关电源发生过流，过热，或者短路导致对应的断路器断开,检查开关电源是否故障、接线是否正常
40020,水冷机过载!,急停,水冷机发生过流，过热，或者短路导致断路器断开,检查水冷机是否故障、断路器接线是否正常。
40021,水冷机报警!,急停,水冷机内部控制器报警,查看水冷机显示屏上报警代码，参照用户说明书，排除故障。
40022,水冷机运行异常!,急停,水冷机回路接触器未正常吸合,检查水冷机回路接触器是否故障、接触器反馈点是否断线
40034,气动压力低!,急停,机床气源压力不足,增大气源压力或更换气压稳定的气源，检查气源压力是否正常，管路有无泄漏，压力传感器是否损坏。
40035,刀库门故障！,警告,刀库门无法正常开关,检查刀库门是否卡住
40040,液压站过载!,急停,液压站发生过流，过热，或者短路导致断路器断开,检查液压站是否故障、断路器接线是否正常
40041,液压站温度高!,急停,液压站内部检测信号，液压泵温度过高,如果是由于频繁打压引起的温度过高可以等液压泵冷却后再使用。导致液压站温度过高的原因是：1）? 油箱设置在高温热辐射源附近，环境温度高；2）? 液压系统各种压力损失（如溢流、减压等）产生的能量转换大；3）? 油箱设计时散热面积不够；4）? 油液的粘度选择不当，过高或过低。检查液压站是否存在上述问题，待液压站温度将下来后可复位清除报警。
40042,液压站运行异常!,急停,液压泵持续工作时间过长或接触器未正常吸合,检查回路接触器是否故障、接触器反馈点是否断线，油路是否故障
40043,A轴压力异常!,急停,A轴松夹机构未能正常工作,检查油路或调整反馈压力，检查液压站是否工作正常，管路有无泄漏，压力传感器是否
40044,C轴压力异常!,急停,C轴松夹机构未能正常工作,检查油路或调整反馈压力，检查液压站是否工作正常，管路有无泄漏，压力传感器是否
40045,主轴松拉刀压力异常!,警告,刀具松夹机构未能正常工作,检查油路或调整反馈压力
40046,主轴车削压力异常!,警告,主轴松夹机构未能正常工作,检查油路或调整反馈压力，检查液压站是否工作正常，管路有无泄漏，压力传感器是否
40047,液压站液位低!,警告,液压站液压油不足,添加液压油
40070,%1轴正向超限位!,急停,（1%为轴名称）进给轴运动时触碰到正向限位开关,按住键盘上“限位解除”，复位后同时手动操作使轴朝安全方向移动后
40071,%1轴负向超限位!,急停,（1%为轴名称）进给轴运动时触碰到负向限位开关,按住键盘上“限位解除”，复位后同时手动操作使轴朝安全方向移动后
40080,%1电机温度过高!,急停,（1%为轴名称）轴电机温度高于允许温度,排查环境因素后，停止运行，等待电机自然冷却后，继续运行
40090,面板急停!,急停,面板急停按键按下,顺时针旋转按钮后即释放，复位清楚报警
40091,手轮急停!,急停,手轮急停按键按下,顺时针旋转按钮后即释放，复位清楚报警
40092,换刀区域急停!,急停,手动换刀区域急停按键按下,顺时针旋转按钮后即释放，复位清楚报警
40099,系统第%1期已到期，请输入密码！,急停,（1%为试用期期数）试用期到期,输入下一期密码
40110,对刀仪异常!,警告,对刀仪内部报警信号,参照对刀仪说明书，排查故障
40111,对刀仪未开启!,警告,在使用刀具测量功能时对刀仪尚未开启。,启用对刀仪。
40115,无线测头故障!,警告,测头内部报警信号,参照测头说明书，排查故障
40116,无线测头电量不足!,警告,测头电池电量不足,更换电池
40117,无线测头未开启!,警告,在使用工件测量功能时对刀仪尚未开启。,启用测头。
40120,工件冷却泵过载!,警告,冷却泵发生过流，过热，或者短路导致断路器断开,检查冷却泵是否故障、断路器接线是否正常
40121,工件冷却泵运行异常!,警告,冷却泵接触器未正常吸合,检查回路接触器是否故障、接触器反馈点是否断线
40122,提液泵过载！,警告,提液泵发生过流，过热，或者短路导致断路器断开,检查提液泵是否故障、断路器接线是否正常
40123,提液泵运行异常!,警告,提液泵接触器未正常吸合,检查回路接触器是否故障、接触器反馈点是否断线
40124,切削液不足！,警告,切削液不足,添加切削液
40125,油雾收集器过载！,警告,油雾收集器发生过流，过热，或者短路导致断路器断开,检查油雾收集器是否故障、断路器接线是否正常
40126,纸带过滤机过载!,警告,纸带过滤机发生过流，过热，或者短路导致断路器断开,检查纸带过滤机是否故障、断路器接线是否正常
40127,切削液过多!,提示,机床切削液过多,排出一部分切削液
40128,刀具中心冷却过载！,警告,中心冷却泵发生过流，过热，或者短路导致断路器断开,检查中心冷却泵是否故障、断路器接线是否正常
40129,刀具中心冷却运行异常！,警告,中心冷却泵接触器未正常吸合,检查回路接触器是否故障、接触器反馈点是否断线
40130,润滑液位低报警!,暂停,润滑液不足,添加润滑液
40131,润滑压力不足!,暂停,润滑泵压力不足,检查润滑泵油路是否堵塞
40132,润滑异常!,暂停,润滑泵压力不足,检查润滑泵油路是否堵塞
40133,纸带过滤机报警!,警告,纸带过滤机内部报警,检查纸带过滤机配电柜
40134,配重气缸压力低！,急停,配重气缸压力未达到工作压力。,增大配重气缸压力。
40135,油雾收集器运行异常！,暂停,油雾收集器接触器未正常吸合,检查回路接触器是否故障、接触器反馈点是否断线
40136,排屑器反冲洗泵过载!,暂停,排屑器反冲洗泵发生过流，过热，或者短路导致断路器断开,检查排屑器反冲洗泵是否故障、断路器接线是否正常
40137,排屑器反冲洗泵运行异常!,暂停,排屑器反冲洗泵接触器未正常吸合,检查回路接触器是否故障、接触器反馈点是否断线
40160,未检测到主轴刀具，换刀未能正常结束！,警告,换刀最后阶段未能测到主轴刀具,根据刀库实际情况修改刀具表
40161,未能确认主轴刀具，换刀未能正常结束!,警告,T0换刀最后阶段测到主轴上有刀具,根据刀库实际情况修改刀具表
40162,错误动作！A轴未上使能。,警告,执行MO6指令时A轴处于夹紧状态,执行M31指令
40169,目标刀具未在对应刀座上！,警告,刀具表中指定的刀具未在对应的刀座上,修改刀具表
40180,%1轴电机温度异常!,提示,（1%为轴名称）轴电机温度高于正常工作温度,排查环境因素后，停止运行，等待电机自然冷却后，继续运行
40190,主轴刀具反馈传感器故障！,急停,主轴刀具反馈传感器信号故障,检查主轴刀具反馈传感器是否故障、传感器接线是否正常
40220,排屑器过载!,暂停,排屑器发生过流，过热，或者短路导致断路器断开,检查排屑器是否故障、断路器接线是否正常
40221,排屑器运行异常!,暂停,排屑器接触器未正常吸合,检查回路接触器是否故障、接触器反馈点是否断线
40222,水枪泵过载!,提示,水枪泵发生过流，过热，或者短路导致断路器断开,检查水枪泵是否故障、断路器接线是否正常
40223,水枪泵运行异常!,提示,水枪泵接触器未正常吸合,检查回路接触器是否故障、接触器反馈点是否断线
40260,指定刀具%1已在主轴上!,提示,（1%为刀具号）T代码指定的刀具已在主轴上，无需换刀,无需解除，仅提示作用
40261,手动装刀区域刀库门已打开!,提示,手动装刀区域刀库门已打开,无需解除，仅提示作用
40262,请确认主轴上刀具状态!,警告,执行M06指令时为检测到刀具夹紧反馈信号,检查刀具表是否错误、刀具检测开关是否故障
40263,无法查找当前主轴上的刀具!,警告,无法查找当前主轴上的刀具号,根据主轴上刀具修改刀具表
40264,刀具号超出指定范围!,警告,T指令超出刀库范围,修改T指令
40265,未指定T代码!,警告,M06前未接受到合法T指令,增加T指令
40266,更新刀具表错误!,警告,系统更新刀具表时发生错误,根据刀库实际情况修改刀具表
40267,刀库换刀时刀库门已打开!,警告,执行M06指令时手动换刀区域刀库门已打开!程序无法继续执行,关闭手动换刀区域刀库门
40268,当前刀座已有刀具，无法进行换刀!,警告,手动换刀区域刀库门正对的刀座已被主轴上的刀具占用,无需解除，仅提示作用
40269,当前主轴未安装刀具！,警告,旋转主轴时未检测到主轴上有刀,安装刀具后再旋转主轴
40270,当前刀座已被占用，请勿装入刀具！,提示,手动换刀区域刀库门正对的刀座已被主轴上的刀具占用且已检测到此刀座上有刀,取下此刀座上的刀具或修改刀具表
40271,刀盘已到达正向极限，不能执行正向动作！,提示,,无需解除，仅提示作用
40272,刀盘已到达负向极限，不能执行负向动作！,提示,,无需解除，仅提示作用
40281,%1轴电机温度传感器短路!,提示,（1%为轴名称）轴电机温度传感器短路,检查温度传感器连线和温度模块
40282,%1轴电机温度传感器断路!,提示,（1%为轴名称）轴电机温度传感器断路,检查温度传感器连线和温度模块
40290,电气柜空调异常!,提示,电器柜空调内部报警,查看空调显示报警代码，参照用户说明书，排除故障。
40291,机床当前为铣削模式!,提示,铣削模式时旋转车削主轴,修改S指令
40292,机床当前为车削模式!,提示,车削模式时旋转铣削主轴,修改S指令
40293,系统错误!,警告,系统手动任务处理错误,复位后清除报警，呼叫大伟
40294,S指令超过刀具极限速度！,警告,S代码指令超过当前刀具的极限转速,修改S指令
40297,系统试用期还有3天！,提示,系统试用期到期还有3天,无需解除，仅提示作用
40298,系统已完全激活！,提示,试用版系统已完全激活,无需解除，仅提示作用
40299,系统已激活第%1期！,提示,（1%为试用期期数）试用期已激活,无需解除，仅提示作用
69888(11100H),驱动报警基地址,提示,,不需要处理。
69889(11101H),驱动报警：CAN发送失败，位置1,提示,主板通讯问题。,检查设备异常(咨询设备提供商)
69890(11102H),驱动报警：CAN发送更新失败，位置2,提示,主板通讯问题。,检查设备异常(咨询设备提供商)
69891(11103H),驱动报警：CAN发送更新失败，位置3,提示,主板通讯问题。,检查设备异常(咨询设备提供商)
69892(11104H),驱动报警：CAN复位失败,提示,主板通讯问题。,检查设备异常(咨询设备提供商)
69893(11105H),驱动报警：无符号为%有符号为%,提示,主板通讯问题。,检查设备异常(咨询设备提供商)
69894(11106H),驱动报警：内存读取超时,提示,主板通讯问题。,检查设备异常(咨询设备提供商)
69895(11107H),驱动报警：DMA读取超时,提示,主板通讯问题。,检查设备异常(咨询设备提供商)
69896(11108H),驱动报警：实时缓冲区数据异常。MSGtype:%CtlWord:%,提示,主板，伺服板，通讯问题。,检查设备异常(咨询设备提供商)
69897(11109H),驱动报警：非实时缓冲区读到实时帧,提示,主板，伺服板，通讯问题。,检查主板，伺服板供电，光模块，光纤，检查环形网络上各个环节，再详细的话咨询设备提供商。
69898(11100AH),驱动报警：实时重发失败%,提示,主板通讯问题。,检查设备异常(咨询设备提供商)
69899(11100BH),驱动报警：ARM状态异常,提示,主板通讯问题。,检查设备异常(咨询设备提供商)
69900(11100CH),驱动报警：CPU温度过高,提示,,检查系统散热风扇是否运转正常，进风口和排风口是否通畅
131072(20000H),伺服报警基地址，实际报警值-基地址=伺服报警号,提示,实际报警值大于等于100但小于20000：一般子报警。实际报警值大于等于20000：输入参数错误相关子报警。,根据伺服报警处理说明处理
65536(10000H),组态对象报警基地址(只在配置管理器中显示),提示,,不需要处理。
65537(10001H),目标对象不存在(只在配置管理器中显示),提示,组态损坏或系统源代码错误，系统崩溃,联系确认系统版本，验证组态文件是否损坏，加载备份组态文件
65539(10003H),I/O映像手动绑定失败(只在配置管理器中显示),提示,I/O映像地址超限,在I/O映像地址范围内操作绑定
65540(10004H),I/O映像溢出(只在配置管理器中显示),提示,没有未绑定映像单元,I/O映像单元全部被绑定占用，请解绑未使用单元
65541(10005H),未在I/O映像中找到该对象的绑定(只在配置管理器中显示),提示,子设备对象与I/O映像单元的绑定关系不存在,重新绑定该对象
66048(10200H),GLink总线报警基地址(只在配置管理器中显示),提示,,不需要处理。
66049(10201H),%#GLink设备车厢空(只在配置管理器中显示),提示,GLink火车没有可用卸载数据的车厢,检查GLink设备EDS文件内容是否正常
66050(10202H),%#（%）GLink设备集总帧接收CRC校验错(只在配置管理器中显示),提示,帧传输过程中数据缺漏,系统自动抛弃，如报警频繁，考虑光纤链路是否接触不良或光模块故障，请检查或替换光纤接入设备。
66051(10203H),%#（%）GLink设备单地址数据接收CRC校验错(只在配置管理器中显示),提示,GLink设备接收到的单地址数据异常,设备自动抛弃，系统可尝试再次请求，如报警频繁，考虑光纤链路是否接触不良或光模块故障，请检查或替换光纤接入设备。
66052(10204H),%#GLink设备单地址（0x%）数据请求非法(只在配置管理器中显示),提示,GLink设备接收到的单地址访问请求在该设备商未找到匹配项,检查伺服版本与系统组态伺服版本是否一致，或伺服设备偶有异常，无解
66054(10206H),%#GLink设备单地址服务缓冲区溢出(只在配置管理器中显示),提示,GLink通信中断，或目标设备不存在，无法响应单地址请求,检查GLink通信状态和组态匹配状态
66055(10207H),%#GLink设备单地址（%）访问失败(只在配置管理器中显示),提示,GLink通信中断，或目标设备不存在，无法响应单地址请求,检查GLink通信状态和组态匹配状态
66056(10208H),%#GLink设备使用未知传输通道(只在配置管理器中显示),提示,GLink通信帧异常，收到未能识别或有缺陷的通信帧,通信线路问题，检查线路和沿线设备
66057(10209H),GLink帧发送失败(只在配置管理器中显示),提示,GLink通信帧发送失败,GLink设备驱动异常或通信卡异常，可能驱动未正常安装或通信卡接触不良，请检查并排
66098(1020BH),试图读取%#GLink设备不可读参数(只在配置管理器中显示),提示,设备EDS文件被篡改或版本与设备版本不匹配,选择与实际设备版本适应的EDS文件，重新组态
66099(1020CH),试图修改%#GLink设备只读参数(只在配置管理器中显示),提示,设备EDS文件被篡改或版本与设备版本不匹配,选择与实际设备版本适应的EDS文件，重新组态
66100(1020DH),GLink通信中断(只在配置管理器中显示),提示,连续三次GLink通信收发异常即报通信中断,排查故障，重启系统
66304(10300H),CANopen总线报警基地址(只在配置管理器中显示),提示,,不需要处理。
66306(10302H),%#CAN设备通信中断(只在配置管理器中显示),提示,收不到设备心跳,排查是否总线连接异常(通信断线或干扰严重)或对应设备异常(例如掉电)
66307(10303H),%#CAN设备参数访问超时(只在配置管理器中显示),提示,收不到设备参数访问的应答,排查是否总线连接异常(通信断线或干扰严重)或对应设备异常(例如掉电)
66560(10400H),Modbus总线报警基地址(只在配置管理器中显示),提示,,不需要处理。
66561(10401H),%设备通信缓冲区已满(只在配置管理器中显示),提示,主站Modbus帧缓冲区溢出，一般是得不到发送机会,排查是否总线连接异常(通信断线或干扰严
66562(10402H),（%）设备参数（%）访问协议未定义，请检查设备数据字典 (只在配置管理器中显示),提示,指定参数不存在于设备上,排查设备eds与实际设备是否版本对应或eds 文件被篡改
66564(10404H),Modbus通信应答超时(只在配置管理器中显示),提示,没收到应答,排查是否总线连接异常(通信断线或干扰严重)或对应设备异常(例如掉电)
66565(10405H),Modbus通信应答从站地址错(只在配置管理器中显示),提示,应答帧中从站地址有误,检查从站设备地址配置是否合理
66566(10406H),Modbus通信应答功能码错 (只在配置管理器中显示),提示,应答帧中的功能码与协议要求不符,检查从站设备异常或设计合理性(咨询设备提供商)
66568(10408H),Modbus通信应答寄存器数错(只在配置管理器中显示),提示,应答帧中的寄存器数量与请求不符,检查从站设备异常或设计合理性(咨询设备提供商)
66569(10409H),Modbus通信应答数据错(只在配置管理器中显示),提示,应答帧中的数据与协议预期不符,检查从站设备异常或设计合理性(咨询设备提供商)
66570(1040AH),Modbus设备收到非法功能码(只在配置管理器中显示),提示,Modbus设备不能识别收到的指令帧的功能码,检查主站设备异常或设计合理性(咨询设备提供商)
66571(1040BH),Modbus设备收到非法数据地址(只在配置管理器中显示),提示,Modbus设备不能识别收到的指令帧的数据地址,检查主站设备异常，eds文件是否与实际设备匹配，或设计合理性(咨询设备提供商)
66572(1040CH),Modbus设备收到非法数据 (只在配置管理器中显示),提示,Modbus设备不能识别收到的指令帧的数据,检查主站设备异常，eds文件是否与实际设备匹配，或设计合理性(咨询设备提供商)
66573(1040DH),Modbus从设备故障(只在配置管理器中显示),提示,Modbus设备故障,检查设备异常(咨询设备提供商)
66574(1040EH),Modbus从设备应答异常(只在配置管理器中显示),提示,Modbus设备应答功能异常,检查设备异常(咨询设备提供商)
66575(1040FH),Modbus从设备忙(只在配置管理器中显示),提示,Modbus设备忙,检查设备异常(咨询设备提供商)
66576(10410H),Modbus从设备存储器校验错(只在配置管理器中显示),提示,,检查设备异常(咨询设备提供商)
66577(10411H),Modbus网关路径未知(只在配置管理器中显示),提示,,检查设备异常(咨询设备提供商)
66578(10412H),Modbus网关目标访问失败 (只在配置管理器中显示),提示,,检查设备异常(咨询设备提供商)
66579(10413H),Modbus从设备未知错误(只在配置管理器中显示),提示,,检查设备异常(咨询设备提供商)
66580(10414H),Modbus协议栈通信寄存器地址非法(只在配置管理器中显示),提示,,检查主站异常(咨询设备提供商)
66581(10415H),Modbus协议栈内部非法参数(只在配置管理器中显示),提示,,检查主站异常(咨询设备提供商)
66582(10416H),Modbus协议栈通信底层接口错误(只在配置管理器中显示),提示,,检查主站异常(咨询设备提供商)
66583(10417H),Modbus协议栈通信资源不足(只在配置管理器中显示),提示,,检查主站异常(咨询设备提供商)
66584(10418H),Modbus协议栈内部输入/输出错误(只在配置管理器中显示),提示,,检查主站异常(咨询设备提供商)
66585(10419H),Modbus协议栈处于非法状态(只在配置管理器中显示),提示,,检查主站异常(咨询设备提供商)
66586(1041AH),Modbus协议栈重试输入/输出操作(只在配置管理器中显示),提示,,检查主站异常(咨询设备提供商)
66587(1041BH),Modbus协议栈内部超时(只在配置管理器中显示),提示,,检查主站异常(咨询设备提供商)
66588(1041CH),Modbus协议栈内部错误(只在配置管理器中显示),提示,,检查主站异常(咨询设备提供商)
69632(11000H),Modbus总线报警基地址(只在配置管理器中显示),提示,,不需要处理。
69633(11001H),访问(%)设备参数(%)超时 (只在配置管理器中显示),提示,访问设备参数无应答,检查设备异常、总线异常、eds版本匹配
69634(11002H),设备%本地访问方式未知(只在配置管理器中显示),提示,访问设备对应的本地eds参数的指令异常,访问指令错，内部设计错误，无关使用
69635(11003H),设备%参数访问方式未知(只在配置管理器中显示),提示,访问设备参数的指令异常,访问指令错，内部设计错误，无关使用
69636(11004H),访问设备（%）未知参数（%）(只在配置管理器中显示),提示,访问参数的名称在eds中找不到,eds版本匹配问题居多，界面、eds、设备版本匹配问题
69637(11005H),访问设备（%）未知索引（%）(只在配置管理器中显示),提示,访问参数的索引在eds中找不到,eds版本匹配问题居多，界面、eds、设备版本匹配问题
69638(11006H),USB键盘连接中断，请检查连接(只在配置管理器中显示),提示,USB接口的机床PLC键盘连接中断,USB键盘连接中断，请检查连接
69639(11007H),GLink Real channel buffer DMAread faild（DMA实时通道读失败） (只在配置管理器中显示),提示,调用驱动读取DMA通道返回失败,偶发无解；频繁说明驱动安装问题或接口卡安装问题
69640(11008H),GLink unreal channel buffer DMA read faild（DMA非实时通道读失败）(只在配置管理器中显示),提示,调用驱动读取DMA通道返回失败,偶发无解；频繁说明驱动安装问题或接口卡安装问题
